
        INSERT INTO CustomerPassword (
            [CustomerID],
            [Password])
 	    VALUES(
 	        1,
            'XXrlLs94APjGaf1jWgQfNsRDMbNCRWDLMNPueLtZL3IkFnjWeDfRWwYfG9PX9POc');

        INSERT INTO CustomerAddress (
            [AddressID],
            [StreetNum],
            [StreetName],
            [Postcode],
            [City],
            [State],
            [Country])
 	    VALUES(
            1,
 	        2449,
            'Recodin',
            '6055',
            'Herod',
            'NSW',
            'Australia');

        INSERT INTO Customer (
            [fName],
            [lName],
            [ContactNumber],
            [Email],
            [PasswordID],
            [AddressID])
 	    VALUES(
 	        'Gweneth',
            'Carilla',
            '0465539903',
            'gweneth.carilla@office365.com',
            1,
            1);

        INSERT INTO CustomerPassword (
            [CustomerID],
            [Password])
 	    VALUES(
 	        2,
            'Qb5Whfeaorbpc0m46CdDS3TISkIGePjfCA4yRb98whAWBSdhcZkOQIcHpHt2kyPw');

        INSERT INTO CustomerAddress (
            [AddressID],
            [StreetNum],
            [StreetName],
            [Postcode],
            [City],
            [State],
            [Country])
 	    VALUES(
            2,
 	        5827,
            'Cleftin',
            '5053',
            'Pinebush',
            'ACT',
            'Australia');

        INSERT INTO Customer (
            [fName],
            [lName],
            [ContactNumber],
            [Email],
            [PasswordID],
            [AddressID])
 	    VALUES(
 	        'Lethia',
            'Cletus',
            '0427712475',
            'lethia.cletus@yahoo.com',
            2,
            2);

        INSERT INTO CustomerPassword (
            [CustomerID],
            [Password])
 	    VALUES(
 	        3,
            'AjR6jtDW5IsAgVlBHpm2eMvDZUm6s036PDvXfntQVvwZp7qDgd2idbaYClzxhPQU');

        INSERT INTO CustomerAddress (
            [AddressID],
            [StreetNum],
            [StreetName],
            [Postcode],
            [City],
            [State],
            [Country])
 	    VALUES(
            3,
 	        8861,
            'Screwu',
            '4790',
            'Avilla',
            'NSW',
            'Australia');

        INSERT INTO Customer (
            [fName],
            [lName],
            [ContactNumber],
            [Email],
            [PasswordID],
            [AddressID])
 	    VALUES(
 	        'Madella',
            'Charin',
            '0436407761',
            'madella.charin@inbox.com',
            3,
            3);

        INSERT INTO CustomerPassword (
            [CustomerID],
            [Password])
 	    VALUES(
 	        4,
            'dQ1L7roroXnPPJtdato5CdiABW4erAZxZQYfmpasdZPOoxtMdiSfa6ct9lX5TheF');

        INSERT INTO CustomerAddress (
            [AddressID],
            [StreetNum],
            [StreetName],
            [Postcode],
            [City],
            [State],
            [Country])
 	    VALUES(
            4,
 	        3330,
            'Preson',
            '2900',
            'Ortonville',
            'QLD',
            'Australia');

        INSERT INTO Customer (
            [fName],
            [lName],
            [ContactNumber],
            [Email],
            [PasswordID],
            [AddressID])
 	    VALUES(
 	        'Twila',
            'Camden',
            '0406502295',
            'twila.camden@yahoo.com',
            4,
            4);

        INSERT INTO CustomerPassword (
            [CustomerID],
            [Password])
 	    VALUES(
 	        5,
            'z6cZws6MwZtZZY9YpjRxRXImY9mo6gmTKQGWh8Xd6fI5TYWaVdSIVdbDeUtTxreG');

        INSERT INTO CustomerAddress (
            [AddressID],
            [StreetNum],
            [StreetName],
            [Postcode],
            [City],
            [State],
            [Country])
 	    VALUES(
            5,
 	        9920,
            'Aggro',
            '5081',
            'Campti',
            'WA',
            'Australia');

        INSERT INTO Customer (
            [fName],
            [lName],
            [ContactNumber],
            [Email],
            [PasswordID],
            [AddressID])
 	    VALUES(
 	        'Michel',
            'Elspet',
            '0426845311',
            'michel.elspet@outlook.com',
            5,
            5);

        INSERT INTO CustomerPassword (
            [CustomerID],
            [Password])
 	    VALUES(
 	        6,
            'NNuoZONvdL7J8tztXJhGevP0y7G7HE3RwsxArTJjjG17LKg1lDHRHeeg1EOrNGd5');

        INSERT INTO CustomerAddress (
            [AddressID],
            [StreetNum],
            [StreetName],
            [Postcode],
            [City],
            [State],
            [Country])
 	    VALUES(
            6,
 	        3918,
            'Gussie',
            '3289',
            'Wyocena',
            'NSW',
            'Australia');

        INSERT INTO Customer (
            [fName],
            [lName],
            [ContactNumber],
            [Email],
            [PasswordID],
            [AddressID])
 	    VALUES(
 	        'Audy',
            'Clarette',
            '0412933235',
            'audy.clarette@outlook.com',
            6,
            6);

        INSERT INTO CustomerPassword (
            [CustomerID],
            [Password])
 	    VALUES(
 	        7,
            'Dpz23bef2LGCG6ZWfAwHHbdyusDuzRwOw4I6OgrBCoxIjEicloUHUa28PjCbjRAN');

        INSERT INTO CustomerAddress (
            [AddressID],
            [StreetNum],
            [StreetName],
            [Postcode],
            [City],
            [State],
            [Country])
 	    VALUES(
            7,
 	        3468,
            'Lige',
            '8321',
            'Winneconne',
            'WA',
            'Australia');

        INSERT INTO Customer (
            [fName],
            [lName],
            [ContactNumber],
            [Email],
            [PasswordID],
            [AddressID])
 	    VALUES(
 	        'Kerry',
            'Jacquelynn',
            '0467882805',
            'kerry.jacquelynn@yandex.com',
            7,
            7);

        INSERT INTO CustomerPassword (
            [CustomerID],
            [Password])
 	    VALUES(
 	        8,
            'C5ENP9ootbTgNHhVQRp2EGVmu6lPgBUaHqwaEl0WicSlth2gEKIXDB9CfTFKxK5J');

        INSERT INTO CustomerAddress (
            [AddressID],
            [StreetNum],
            [StreetName],
            [Postcode],
            [City],
            [State],
            [Country])
 	    VALUES(
            8,
 	        8513,
            'Budwor',
            '3972',
            'Pascoag',
            'NSW',
            'Australia');

        INSERT INTO Customer (
            [fName],
            [lName],
            [ContactNumber],
            [Email],
            [PasswordID],
            [AddressID])
 	    VALUES(
 	        'Lynett',
            'Julianne',
            '0473797967',
            'lynett.julianne@uon.edu.au',
            8,
            8);

        INSERT INTO CustomerPassword (
            [CustomerID],
            [Password])
 	    VALUES(
 	        9,
            'sRxiZ0FnxBpVDMGGBb0JC7vYziFWGfgnTARavJHQLUtAKwSiPL2l74HJy4JWm0zc');

        INSERT INTO CustomerAddress (
            [AddressID],
            [StreetNum],
            [StreetName],
            [Postcode],
            [City],
            [State],
            [Country])
 	    VALUES(
            9,
 	        8726,
            'Precode',
            '6748',
            'Jellico',
            'QLD',
            'Australia');

        INSERT INTO Customer (
            [fName],
            [lName],
            [ContactNumber],
            [Email],
            [PasswordID],
            [AddressID])
 	    VALUES(
 	        'Kary',
            'Orelia',
            '0445541086',
            'kary.orelia@outlook.com',
            9,
            9);

        INSERT INTO CustomerPassword (
            [CustomerID],
            [Password])
 	    VALUES(
 	        10,
            'bAJyuDbC57yL6c329Bf7JC04KwMUCKooJJ7sUJHZjkWIidDYY0rrCooiD3ejcRoj');

        INSERT INTO CustomerAddress (
            [AddressID],
            [StreetNum],
            [StreetName],
            [Postcode],
            [City],
            [State],
            [Country])
 	    VALUES(
            10,
 	        8639,
            'Replea',
            '9774',
            'Slagle',
            'TAS',
            'Australia');

        INSERT INTO Customer (
            [fName],
            [lName],
            [ContactNumber],
            [Email],
            [PasswordID],
            [AddressID])
 	    VALUES(
 	        'Annie',
            'Hugues',
            '0427445659',
            'annie.hugues@yandex.com',
            10,
            10);

        INSERT INTO CustomerPassword (
            [CustomerID],
            [Password])
 	    VALUES(
 	        11,
            'mNWSQ8I12r3DhMbz2yfxj3FTJIsh8jUWTdJgiTFfABbjjqXmtq3DqeIl73DGVXJj');

        INSERT INTO CustomerAddress (
            [AddressID],
            [StreetNum],
            [StreetName],
            [Postcode],
            [City],
            [State],
            [Country])
 	    VALUES(
            11,
 	        7907,
            'Undula',
            '3461',
            'Capshaw',
            'WA',
            'Australia');

        INSERT INTO Customer (
            [fName],
            [lName],
            [ContactNumber],
            [Email],
            [PasswordID],
            [AddressID])
 	    VALUES(
 	        'Kakalina',
            'Bodkin',
            '0411825681',
            'kakalina.bodkin@mail.com',
            11,
            11);

        INSERT INTO CustomerPassword (
            [CustomerID],
            [Password])
 	    VALUES(
 	        12,
            'hMf1mtH5btgiPm8ISRe9BHZwFAqSGfYDCwokIsOn9egPTyocQOr5534EOL1evhZl');

        INSERT INTO CustomerAddress (
            [AddressID],
            [StreetNum],
            [StreetName],
            [Postcode],
            [City],
            [State],
            [Country])
 	    VALUES(
            12,
 	        5144,
            'Meshuga',
            '7721',
            'Boles',
            'VIC',
            'Australia');

        INSERT INTO Customer (
            [fName],
            [lName],
            [ContactNumber],
            [Email],
            [PasswordID],
            [AddressID])
 	    VALUES(
 	        'Honoria',
            'Gardol',
            '0413370608',
            'honoria.gardol@gmail.com',
            12,
            12);

        INSERT INTO CustomerPassword (
            [CustomerID],
            [Password])
 	    VALUES(
 	        13,
            'gbOgmkyXQitlAOFCa2aoF4y6sF4StNjtMxrxAXJZa0F0BXO4uC6vvHKazMfb2yH3');

        INSERT INTO CustomerAddress (
            [AddressID],
            [StreetNum],
            [StreetName],
            [Postcode],
            [City],
            [State],
            [Country])
 	    VALUES(
            13,
 	        9269,
            'Dolm',
            '6008',
            'Oglala',
            'WA',
            'Australia');

        INSERT INTO Customer (
            [fName],
            [lName],
            [ContactNumber],
            [Email],
            [PasswordID],
            [AddressID])
 	    VALUES(
 	        'Linnell',
            'Goldberg',
            '0404419401',
            'linnell.goldberg@uon.edu.au',
            13,
            13);

        INSERT INTO CustomerPassword (
            [CustomerID],
            [Password])
 	    VALUES(
 	        14,
            'BaxMOihyecUG2XR3iwiNq3kodAusLs6XvWxgqXYE5okhAxsg9NZs0lsKqExpae1G');

        INSERT INTO CustomerAddress (
            [AddressID],
            [StreetNum],
            [StreetName],
            [Postcode],
            [City],
            [State],
            [Country])
 	    VALUES(
            14,
 	        1221,
            'Postgam',
            '9526',
            'Langworthy',
            'WA',
            'Australia');

        INSERT INTO Customer (
            [fName],
            [lName],
            [ContactNumber],
            [Email],
            [PasswordID],
            [AddressID])
 	    VALUES(
 	        'Kassia',
            'Cock',
            '0423645316',
            'kassia.cock@aol.com',
            14,
            14);

        INSERT INTO CustomerPassword (
            [CustomerID],
            [Password])
 	    VALUES(
 	        15,
            'w7ovIXrB0IT1sA3eSSKti6ZFpACzukcFqAn9wd8szRb6O8pFcxTpCC8e3M4W88BK');

        INSERT INTO CustomerAddress (
            [AddressID],
            [StreetNum],
            [StreetName],
            [Postcode],
            [City],
            [State],
            [Country])
 	    VALUES(
            15,
 	        1706,
            'Resite',
            '7315',
            'Beyer',
            'ACT',
            'Australia');

        INSERT INTO Customer (
            [fName],
            [lName],
            [ContactNumber],
            [Email],
            [PasswordID],
            [AddressID])
 	    VALUES(
 	        'Gwendolin',
            'Luby',
            '0446549000',
            'gwendolin.luby@aol.com',
            15,
            15);

        INSERT INTO CustomerPassword (
            [CustomerID],
            [Password])
 	    VALUES(
 	        16,
            'VYLrjOUaCskuu5oOmWQfTibW88ZpwK4JEP3H5JCyXSVWENmzCjJB1BbxFESlzo5v');

        INSERT INTO CustomerAddress (
            [AddressID],
            [StreetNum],
            [StreetName],
            [Postcode],
            [City],
            [State],
            [Country])
 	    VALUES(
            16,
 	        4147,
            'Seviche',
            '9126',
            'Braden',
            'NSW',
            'Australia');

        INSERT INTO Customer (
            [fName],
            [lName],
            [ContactNumber],
            [Email],
            [PasswordID],
            [AddressID])
 	    VALUES(
 	        'Lisha',
            'Karil',
            '0466088315',
            'lisha.karil@zoho.com',
            16,
            16);

        INSERT INTO CustomerPassword (
            [CustomerID],
            [Password])
 	    VALUES(
 	        17,
            'uM91ehtYQsgZ3yWNlv4lPz54N1b8As5PbZYMhyDEOKMJYVnk2tgADt48Ahu3eRnU');

        INSERT INTO CustomerAddress (
            [AddressID],
            [StreetNum],
            [StreetName],
            [Postcode],
            [City],
            [State],
            [Country])
 	    VALUES(
            17,
 	        1386,
            'Monosom',
            '3502',
            'Sperryville',
            'SA',
            'Australia');

        INSERT INTO Customer (
            [fName],
            [lName],
            [ContactNumber],
            [Email],
            [PasswordID],
            [AddressID])
 	    VALUES(
 	        'Tresa',
            'Hoshi',
            '0424800568',
            'tresa.hoshi@outlook.com',
            17,
            17);

        INSERT INTO CustomerPassword (
            [CustomerID],
            [Password])
 	    VALUES(
 	        18,
            'crJlD7av8FedFIZAJNbpg90CHqWO27EIaE3mYf4Ue5WbadJcqPZ1EfritWseXT3b');

        INSERT INTO CustomerAddress (
            [AddressID],
            [StreetNum],
            [StreetName],
            [Postcode],
            [City],
            [State],
            [Country])
 	    VALUES(
            18,
 	        281,
            'Contra',
            '1464',
            'Dover',
            'SA',
            'Australia');

        INSERT INTO Customer (
            [fName],
            [lName],
            [ContactNumber],
            [Email],
            [PasswordID],
            [AddressID])
 	    VALUES(
 	        'Susy',
            'Shaner',
            '0459283782',
            'susy.shaner@zoho.com',
            18,
            18);

        INSERT INTO CustomerPassword (
            [CustomerID],
            [Password])
 	    VALUES(
 	        19,
            '9UbvBWmZIM1XZ9jFbKea5b08YNjaFHWjHn2q7LlmkMUu9Qn69BROd1n2zoKNwmxF');

        INSERT INTO CustomerAddress (
            [AddressID],
            [StreetNum],
            [StreetName],
            [Postcode],
            [City],
            [State],
            [Country])
 	    VALUES(
            19,
 	        4765,
            'Phyllo',
            '9631',
            'Seboyeta',
            'NT',
            'Australia');

        INSERT INTO Customer (
            [fName],
            [lName],
            [ContactNumber],
            [Email],
            [PasswordID],
            [AddressID])
 	    VALUES(
 	        'Danella',
            'Edveh',
            '0421588112',
            'danella.edveh@mail.com',
            19,
            19);

        INSERT INTO CustomerPassword (
            [CustomerID],
            [Password])
 	    VALUES(
 	        20,
            'jUBvz7E7UcsH2jXFvVp1KuYiNJpQBtJX3ulfYBA7rXkI54Z89KH1jxdntoMV1WMq');

        INSERT INTO CustomerAddress (
            [AddressID],
            [StreetNum],
            [StreetName],
            [Postcode],
            [City],
            [State],
            [Country])
 	    VALUES(
            20,
 	        3278,
            'Myositi',
            '9957',
            'Guymon',
            'NSW',
            'Australia');

        INSERT INTO Customer (
            [fName],
            [lName],
            [ContactNumber],
            [Email],
            [PasswordID],
            [AddressID])
 	    VALUES(
 	        'Gerri',
            'Milli',
            '0485171403',
            'gerri.milli@inbox.com',
            20,
            20);

        INSERT INTO CustomerPassword (
            [CustomerID],
            [Password])
 	    VALUES(
 	        21,
            'dGfajBrBaaPepOcwYix9DxsZBYN4qPT6jBG3s7XA03izpN3l1hF6IoVMpg7X9Gsc');

        INSERT INTO CustomerAddress (
            [AddressID],
            [StreetNum],
            [StreetName],
            [Postcode],
            [City],
            [State],
            [Country])
 	    VALUES(
            21,
 	        9507,
            'Yuppi',
            '4750',
            'Cundiff',
            'NT',
            'Australia');

        INSERT INTO Customer (
            [fName],
            [lName],
            [ContactNumber],
            [Email],
            [PasswordID],
            [AddressID])
 	    VALUES(
 	        'Karole',
            'Minnnie',
            '0439283687',
            'karole.minnnie@zoho.com',
            21,
            21);

        INSERT INTO CustomerPassword (
            [CustomerID],
            [Password])
 	    VALUES(
 	        22,
            'VIiSz8vQhLcRTfl6i9d6nVDyJtMSMCJ8vRPn5kL3qFARZRgN4EWe0g60PHSLytvz');

        INSERT INTO CustomerAddress (
            [AddressID],
            [StreetNum],
            [StreetName],
            [Postcode],
            [City],
            [State],
            [Country])
 	    VALUES(
            22,
 	        3818,
            'Ditz',
            '8759',
            'Hanska',
            'TAS',
            'Australia');

        INSERT INTO Customer (
            [fName],
            [lName],
            [ContactNumber],
            [Email],
            [PasswordID],
            [AddressID])
 	    VALUES(
 	        'Zabrina',
            'Mattah',
            '0401511239',
            'zabrina.mattah@office365.com',
            22,
            22);

        INSERT INTO CustomerPassword (
            [CustomerID],
            [Password])
 	    VALUES(
 	        23,
            'nWy1SFOyFsXlL6G1LiNtbQ1cbUtaBttPtH4x34SEl1qE0xboFf9kk3vhND6sxJjt');

        INSERT INTO CustomerAddress (
            [AddressID],
            [StreetNum],
            [StreetName],
            [Postcode],
            [City],
            [State],
            [Country])
 	    VALUES(
            23,
 	        6206,
            'Jalapen',
            '8975',
            'Talihina',
            'NSW',
            'Australia');

        INSERT INTO Customer (
            [fName],
            [lName],
            [ContactNumber],
            [Email],
            [PasswordID],
            [AddressID])
 	    VALUES(
 	        'Noella',
            'Ferde',
            '0447848116',
            'noella.ferde@inbox.com',
            23,
            23);

        INSERT INTO CustomerPassword (
            [CustomerID],
            [Password])
 	    VALUES(
 	        24,
            'SetovstN4XBNvMWDdbhNWzdtkzAaGcG1hDywRWlT59DzG30SOI9ejwtdxXHBL4Hu');

        INSERT INTO CustomerAddress (
            [AddressID],
            [StreetNum],
            [StreetName],
            [Postcode],
            [City],
            [State],
            [Country])
 	    VALUES(
            24,
 	        7793,
            'Bowwowe',
            '7939',
            'Chassell',
            'SA',
            'Australia');

        INSERT INTO Customer (
            [fName],
            [lName],
            [ContactNumber],
            [Email],
            [PasswordID],
            [AddressID])
 	    VALUES(
 	        'Pammie',
            'Spearing',
            '0486298348',
            'pammie.spearing@icloud.com',
            24,
            24);

        INSERT INTO CustomerPassword (
            [CustomerID],
            [Password])
 	    VALUES(
 	        25,
            'mL8jKMpryUwr39XdlfboPvwSiYbzZ4nAgteI2idC8yDZsM6zTdAiDZGvQTwhd7y7');

        INSERT INTO CustomerAddress (
            [AddressID],
            [StreetNum],
            [StreetName],
            [Postcode],
            [City],
            [State],
            [Country])
 	    VALUES(
            25,
 	        7052,
            'Dryis',
            '1373',
            'Pansey',
            'WA',
            'Australia');

        INSERT INTO Customer (
            [fName],
            [lName],
            [ContactNumber],
            [Email],
            [PasswordID],
            [AddressID])
 	    VALUES(
 	        'Edyth',
            'Mascia',
            '0445221390',
            'edyth.mascia@yandex.com',
            25,
            25);

        INSERT INTO CustomerPassword (
            [CustomerID],
            [Password])
 	    VALUES(
 	        26,
            'cVJ3Azst8QxwstrBBahge2Ca6ZdV5DTtLcmEb31Po1tzZ1JEpx6i7WIZJDNt080r');

        INSERT INTO CustomerAddress (
            [AddressID],
            [StreetNum],
            [StreetName],
            [Postcode],
            [City],
            [State],
            [Country])
 	    VALUES(
            26,
 	        3603,
            'Soo',
            '6528',
            'Orbisonia',
            'SA',
            'Australia');

        INSERT INTO Customer (
            [fName],
            [lName],
            [ContactNumber],
            [Email],
            [PasswordID],
            [AddressID])
 	    VALUES(
 	        'Giselle',
            'Edmonds',
            '0412091380',
            'giselle.edmonds@gmail.com',
            26,
            26);

        INSERT INTO CustomerPassword (
            [CustomerID],
            [Password])
 	    VALUES(
 	        27,
            'G6Yv9S5iSE8srrNfBzgvm2eKnHAxgGkt0mYoQU2n6gMnXcc3qGcEWRXaOEsutgDB');

        INSERT INTO CustomerAddress (
            [AddressID],
            [StreetNum],
            [StreetName],
            [Postcode],
            [City],
            [State],
            [Country])
 	    VALUES(
            27,
 	        7477,
            'Uncatch',
            '3262',
            'Bannock',
            'NT',
            'Australia');

        INSERT INTO Customer (
            [fName],
            [lName],
            [ContactNumber],
            [Email],
            [PasswordID],
            [AddressID])
 	    VALUES(
 	        'Brandise',
            'Giulietta',
            '0455542927',
            'brandise.giulietta@mail.com',
            27,
            27);

        INSERT INTO CustomerPassword (
            [CustomerID],
            [Password])
 	    VALUES(
 	        28,
            'v7DYFvJWBZbJQDaU1O2JlNHeJ2JjqksNJEI5Tal63PuubHfxVxUj51DyhNy0yDA8');

        INSERT INTO CustomerAddress (
            [AddressID],
            [StreetNum],
            [StreetName],
            [Postcode],
            [City],
            [State],
            [Country])
 	    VALUES(
            28,
 	        8436,
            'Lowlife',
            '7692',
            'Clyo',
            'TAS',
            'Australia');

        INSERT INTO Customer (
            [fName],
            [lName],
            [ContactNumber],
            [Email],
            [PasswordID],
            [AddressID])
 	    VALUES(
 	        'Kristine',
            'Myrtie',
            '0445831320',
            'kristine.myrtie@uon.edu.au',
            28,
            28);

        INSERT INTO CustomerPassword (
            [CustomerID],
            [Password])
 	    VALUES(
 	        29,
            'x87g9bhDUJcDnRN3UIYFz4J5aZnkZL3sqnNJlUoykROObO59gAhr3R4yzZpW9DtT');

        INSERT INTO CustomerAddress (
            [AddressID],
            [StreetNum],
            [StreetName],
            [Postcode],
            [City],
            [State],
            [Country])
 	    VALUES(
            29,
 	        613,
            'Cornrow',
            '3417',
            'Clanton',
            'SA',
            'Australia');

        INSERT INTO Customer (
            [fName],
            [lName],
            [ContactNumber],
            [Email],
            [PasswordID],
            [AddressID])
 	    VALUES(
 	        'Colene',
            'Charlot',
            '0489262873',
            'colene.charlot@inbox.com',
            29,
            29);

        INSERT INTO CustomerPassword (
            [CustomerID],
            [Password])
 	    VALUES(
 	        30,
            'pZdtkKr4V9uXqXe3hfWYPnLcRQwN9TOGlcGYBJPsp8L7LPApvHIZddoBt8Z1ifKS');

        INSERT INTO CustomerAddress (
            [AddressID],
            [StreetNum],
            [StreetName],
            [Postcode],
            [City],
            [State],
            [Country])
 	    VALUES(
            30,
 	        8777,
            'Muktuk',
            '4150',
            'Wildomar',
            'NSW',
            'Australia');

        INSERT INTO Customer (
            [fName],
            [lName],
            [ContactNumber],
            [Email],
            [PasswordID],
            [AddressID])
 	    VALUES(
 	        'Pierrette',
            'Abbye',
            '0434882996',
            'pierrette.abbye@aol.com',
            30,
            30);

        INSERT INTO CustomerPassword (
            [CustomerID],
            [Password])
 	    VALUES(
 	        31,
            'Ssg7PiywnTxrBD7CBlIiLdS0M7rM47g1KISLIPZsivJJpinnq69wmuq9Ht5H9IT7');

        INSERT INTO CustomerAddress (
            [AddressID],
            [StreetNum],
            [StreetName],
            [Postcode],
            [City],
            [State],
            [Country])
 	    VALUES(
            31,
 	        1349,
            'Detoxe',
            '8726',
            'Morenci',
            'QLD',
            'Australia');

        INSERT INTO Customer (
            [fName],
            [lName],
            [ContactNumber],
            [Email],
            [PasswordID],
            [AddressID])
 	    VALUES(
 	        'Ira',
            'Omarr',
            '0404766177',
            'ira.omarr@icloud.com',
            31,
            31);

        INSERT INTO CustomerPassword (
            [CustomerID],
            [Password])
 	    VALUES(
 	        32,
            'NJNZPMjqwrEqheohR33in38yzMegxs9cd2LTPz3qDQ4VUyZQlKNhZ5GjfPi4SXSt');

        INSERT INTO CustomerAddress (
            [AddressID],
            [StreetNum],
            [StreetName],
            [Postcode],
            [City],
            [State],
            [Country])
 	    VALUES(
            32,
 	        1366,
            'Rosinol',
            '2860',
            'Colfax',
            'QLD',
            'Australia');

        INSERT INTO Customer (
            [fName],
            [lName],
            [ContactNumber],
            [Email],
            [PasswordID],
            [AddressID])
 	    VALUES(
 	        'Jennilee',
            'Mandeville',
            '0442890092',
            'jennilee.mandeville@yandex.com',
            32,
            32);

        INSERT INTO CustomerPassword (
            [CustomerID],
            [Password])
 	    VALUES(
 	        33,
            'AJ24rB0SIyoiiAJWohO4EzsI55Eu2xZYtmofYs1tdz7ZtDz5L1nd7W7SVCtEDiLU');

        INSERT INTO CustomerAddress (
            [AddressID],
            [StreetNum],
            [StreetName],
            [Postcode],
            [City],
            [State],
            [Country])
 	    VALUES(
            33,
 	        6009,
            'Totalis',
            '4511',
            'Ringle',
            'ACT',
            'Australia');

        INSERT INTO Customer (
            [fName],
            [lName],
            [ContactNumber],
            [Email],
            [PasswordID],
            [AddressID])
 	    VALUES(
 	        'Gabriellia',
            'Singh',
            '0437325953',
            'gabriellia.singh@icloud.com',
            33,
            33);

        INSERT INTO CustomerPassword (
            [CustomerID],
            [Password])
 	    VALUES(
 	        34,
            '0NIwtQs9YwZivamEfW0jJm6nQz4gaBtntABpmLW9E1FJMWeZLjvAQdZVFfcYdUVd');

        INSERT INTO CustomerAddress (
            [AddressID],
            [StreetNum],
            [StreetName],
            [Postcode],
            [City],
            [State],
            [Country])
 	    VALUES(
            34,
 	        6100,
            'Troilis',
            '9209',
            'Winton',
            'VIC',
            'Australia');

        INSERT INTO Customer (
            [fName],
            [lName],
            [ContactNumber],
            [Email],
            [PasswordID],
            [AddressID])
 	    VALUES(
 	        'Ketti',
            'Ranchod',
            '0402048263',
            'ketti.ranchod@icloud.com',
            34,
            34);

        INSERT INTO CustomerPassword (
            [CustomerID],
            [Password])
 	    VALUES(
 	        35,
            'OFkokscWcsDuvvBqmtO8NMgsCI5KsvDmlGfeW3aep16D0tvfOy2C3mrNLzg6CAgq');

        INSERT INTO CustomerAddress (
            [AddressID],
            [StreetNum],
            [StreetName],
            [Postcode],
            [City],
            [State],
            [Country])
 	    VALUES(
            35,
 	        5414,
            'Ausforme',
            '7970',
            'Tullahassee',
            'ACT',
            'Australia');

        INSERT INTO Customer (
            [fName],
            [lName],
            [ContactNumber],
            [Email],
            [PasswordID],
            [AddressID])
 	    VALUES(
 	        'Bren',
            'Vivianne',
            '0430868588',
            'bren.vivianne@mail.com',
            35,
            35);

        INSERT INTO CustomerPassword (
            [CustomerID],
            [Password])
 	    VALUES(
 	        36,
            'NC3MWFRfGFnBwxqzYKIEORcqXQnRf0cHljG3VRNBblOaBQu2HrXYlOGNDVe9fij6');

        INSERT INTO CustomerAddress (
            [AddressID],
            [StreetNum],
            [StreetName],
            [Postcode],
            [City],
            [State],
            [Country])
 	    VALUES(
            36,
 	        9587,
            'Boral',
            '7483',
            'Ingomar',
            'QLD',
            'Australia');

        INSERT INTO Customer (
            [fName],
            [lName],
            [ContactNumber],
            [Email],
            [PasswordID],
            [AddressID])
 	    VALUES(
 	        'Evangeline',
            'Nevins',
            '0448075529',
            'evangeline.nevins@inbox.com',
            36,
            36);

        INSERT INTO CustomerPassword (
            [CustomerID],
            [Password])
 	    VALUES(
 	        37,
            'h4Vex9Qwzi9Nr1QDF2JXmGfbn7gzQyx54Q8fbQ60snDFXqUIUdD1fPi5dqJWRRRH');

        INSERT INTO CustomerAddress (
            [AddressID],
            [StreetNum],
            [StreetName],
            [Postcode],
            [City],
            [State],
            [Country])
 	    VALUES(
            37,
 	        6437,
            'Shlep',
            '1779',
            'Fancher',
            'TAS',
            'Australia');

        INSERT INTO Customer (
            [fName],
            [lName],
            [ContactNumber],
            [Email],
            [PasswordID],
            [AddressID])
 	    VALUES(
 	        'Hilda',
            'Pitarys',
            '0406138494',
            'hilda.pitarys@inbox.com',
            37,
            37);

        INSERT INTO CustomerPassword (
            [CustomerID],
            [Password])
 	    VALUES(
 	        38,
            'E31uA14WwbgSBOvnA1iUC0ezN4lCSrshlT3fu24UEmjzfXOXMbfTrMIFMtWyTF7w');

        INSERT INTO CustomerAddress (
            [AddressID],
            [StreetNum],
            [StreetName],
            [Postcode],
            [City],
            [State],
            [Country])
 	    VALUES(
            38,
 	        5541,
            'Flybo',
            '5762',
            'Chassell',
            'NSW',
            'Australia');

        INSERT INTO Customer (
            [fName],
            [lName],
            [ContactNumber],
            [Email],
            [PasswordID],
            [AddressID])
 	    VALUES(
 	        'Atlante',
            'Bab',
            '0449005153',
            'atlante.bab@office365.com',
            38,
            38);

        INSERT INTO CustomerPassword (
            [CustomerID],
            [Password])
 	    VALUES(
 	        39,
            'j4KXLgDRywTjklwOqx3BV9Me6wJZaAw8ivlKKrDgvtaJ9ZU2UTbWT19mhmoMt90e');

        INSERT INTO CustomerAddress (
            [AddressID],
            [StreetNum],
            [StreetName],
            [Postcode],
            [City],
            [State],
            [Country])
 	    VALUES(
            39,
 	        9065,
            'Kaf',
            '8785',
            'Harman',
            'SA',
            'Australia');

        INSERT INTO Customer (
            [fName],
            [lName],
            [ContactNumber],
            [Email],
            [PasswordID],
            [AddressID])
 	    VALUES(
 	        'Camala',
            'Dorina',
            '0426090851',
            'camala.dorina@yahoo.com',
            39,
            39);

        INSERT INTO CustomerPassword (
            [CustomerID],
            [Password])
 	    VALUES(
 	        40,
            'ntM9ugiBcLaf2gr5DJztHFieDUGrFxdPLnLy5ZFtzMXy24LDo23T7MqDNDeV3ZdR');

        INSERT INTO CustomerAddress (
            [AddressID],
            [StreetNum],
            [StreetName],
            [Postcode],
            [City],
            [State],
            [Country])
 	    VALUES(
            40,
 	        5952,
            'Boomboxe',
            '2368',
            'Clairton',
            'NT',
            'Australia');

        INSERT INTO Customer (
            [fName],
            [lName],
            [ContactNumber],
            [Email],
            [PasswordID],
            [AddressID])
 	    VALUES(
 	        'Scarlet',
            'Betz',
            '0468402917',
            'scarlet.betz@aol.com',
            40,
            40);

        INSERT INTO CustomerPassword (
            [CustomerID],
            [Password])
 	    VALUES(
 	        41,
            'IKurt6XZtfPe5AWvo5eRkSbEqqTQnhKXm75pvDuAImiKkVHbRBSFx8G5nzelRBWN');

        INSERT INTO CustomerAddress (
            [AddressID],
            [StreetNum],
            [StreetName],
            [Postcode],
            [City],
            [State],
            [Country])
 	    VALUES(
            41,
 	        1282,
            'Swacke',
            '6546',
            'Hallock',
            'VIC',
            'Australia');

        INSERT INTO Customer (
            [fName],
            [lName],
            [ContactNumber],
            [Email],
            [PasswordID],
            [AddressID])
 	    VALUES(
 	        'Farrah',
            'Scammon',
            '0483684905',
            'farrah.scammon@outlook.com',
            41,
            41);

        INSERT INTO CustomerPassword (
            [CustomerID],
            [Password])
 	    VALUES(
 	        42,
            '1qpBYwcczJYRGdIGv2IJQBuw5qYwFobOO5W0WggUvANaTDFdKRJVwuwiojGWuV6B');

        INSERT INTO CustomerAddress (
            [AddressID],
            [StreetNum],
            [StreetName],
            [Postcode],
            [City],
            [State],
            [Country])
 	    VALUES(
            42,
 	        7085,
            'Lawbook',
            '6753',
            'Canute',
            'VIC',
            'Australia');

        INSERT INTO Customer (
            [fName],
            [lName],
            [ContactNumber],
            [Email],
            [PasswordID],
            [AddressID])
 	    VALUES(
 	        'Elie',
            'Langham',
            '0479074828',
            'elie.langham@gmail.com',
            42,
            42);

        INSERT INTO CustomerPassword (
            [CustomerID],
            [Password])
 	    VALUES(
 	        43,
            'NZwFgyNraH6bKcpvMWxOXtNRfYzINawIzNukfQQM3U34rNbovUTYAiY0PQlRVmIu');

        INSERT INTO CustomerAddress (
            [AddressID],
            [StreetNum],
            [StreetName],
            [Postcode],
            [City],
            [State],
            [Country])
 	    VALUES(
            43,
 	        8506,
            'Sou',
            '3384',
            'Gorum',
            'QLD',
            'Australia');

        INSERT INTO Customer (
            [fName],
            [lName],
            [ContactNumber],
            [Email],
            [PasswordID],
            [AddressID])
 	    VALUES(
 	        'Callie',
            'Galliett',
            '0490502808',
            'callie.galliett@yandex.com',
            43,
            43);

        INSERT INTO CustomerPassword (
            [CustomerID],
            [Password])
 	    VALUES(
 	        44,
            'Yzov1OFfKKMTm1HCtiO77LhIsj7ozoXrN1WtThnTGpTAgv0ilCkX5csNR5oRgyis');

        INSERT INTO CustomerAddress (
            [AddressID],
            [StreetNum],
            [StreetName],
            [Postcode],
            [City],
            [State],
            [Country])
 	    VALUES(
            44,
 	        5221,
            'Medusa',
            '6288',
            'Ulm',
            'VIC',
            'Australia');

        INSERT INTO Customer (
            [fName],
            [lName],
            [ContactNumber],
            [Email],
            [PasswordID],
            [AddressID])
 	    VALUES(
 	        'Malynda',
            'Ingrid',
            '0466107357',
            'malynda.ingrid@mail.com',
            44,
            44);

        INSERT INTO CustomerPassword (
            [CustomerID],
            [Password])
 	    VALUES(
 	        45,
            'Y2p599QyHDTZv4QfY9HqYrIVsVYjkDD34rMwmDRMYQht5ji8cj8USewgo5oWblAJ');

        INSERT INTO CustomerAddress (
            [AddressID],
            [StreetNum],
            [StreetName],
            [Postcode],
            [City],
            [State],
            [Country])
 	    VALUES(
            45,
 	        6047,
            'Berdache',
            '2365',
            'Wadena',
            'TAS',
            'Australia');

        INSERT INTO Customer (
            [fName],
            [lName],
            [ContactNumber],
            [Email],
            [PasswordID],
            [AddressID])
 	    VALUES(
 	        'Lizabeth',
            'Renie',
            '0422950596',
            'lizabeth.renie@mail.com',
            45,
            45);

        INSERT INTO CustomerPassword (
            [CustomerID],
            [Password])
 	    VALUES(
 	        46,
            'PhrRLq7nVeyLX2t0o9uo7mnJENsgzGF1mEFwv90ZvWLMeakBg5SOv0OOHK0UrYST');

        INSERT INTO CustomerAddress (
            [AddressID],
            [StreetNum],
            [StreetName],
            [Postcode],
            [City],
            [State],
            [Country])
 	    VALUES(
            46,
 	        2699,
            'Tilak',
            '3776',
            'Dalbo',
            'SA',
            'Australia');

        INSERT INTO Customer (
            [fName],
            [lName],
            [ContactNumber],
            [Email],
            [PasswordID],
            [AddressID])
 	    VALUES(
 	        'Hedvig',
            'Kala',
            '0414012335',
            'hedvig.kala@office365.com',
            46,
            46);

        INSERT INTO CustomerPassword (
            [CustomerID],
            [Password])
 	    VALUES(
 	        47,
            'H1T3fTMLgVIjZUl4JO0CFl647d7Xwb2M63qE3igsh9NFPs9wQ2K1sdlt5g9pgTjE');

        INSERT INTO CustomerAddress (
            [AddressID],
            [StreetNum],
            [StreetName],
            [Postcode],
            [City],
            [State],
            [Country])
 	    VALUES(
            47,
 	        8251,
            'Kukri',
            '4984',
            'Ponderosa',
            'ACT',
            'Australia');

        INSERT INTO Customer (
            [fName],
            [lName],
            [ContactNumber],
            [Email],
            [PasswordID],
            [AddressID])
 	    VALUES(
 	        'Gerianne',
            'Garfinkel',
            '0438149418',
            'gerianne.garfinkel@office365.com',
            47,
            47);

        INSERT INTO CustomerPassword (
            [CustomerID],
            [Password])
 	    VALUES(
 	        48,
            'hHRaLEkX2ldhHlHZvWArbZMMhznP6cxrCyevhpTnWi0LkDSfSvCVHFnbSQkh2L7d');

        INSERT INTO CustomerAddress (
            [AddressID],
            [StreetNum],
            [StreetName],
            [Postcode],
            [City],
            [State],
            [Country])
 	    VALUES(
            48,
 	        7724,
            'Ethoxie',
            '8624',
            'Poulan',
            'VIC',
            'Australia');

        INSERT INTO Customer (
            [fName],
            [lName],
            [ContactNumber],
            [Email],
            [PasswordID],
            [AddressID])
 	    VALUES(
 	        'Eleonora',
            'Pulchia',
            '0471986976',
            'eleonora.pulchia@uon.edu.au',
            48,
            48);

        INSERT INTO CustomerPassword (
            [CustomerID],
            [Password])
 	    VALUES(
 	        49,
            'pYhhBBh08DGXKg5fL23VEiCufiszenfZ7mHwjHwVGOcHe4bFDqEMGPlH6b9WO40n');

        INSERT INTO CustomerAddress (
            [AddressID],
            [StreetNum],
            [StreetName],
            [Postcode],
            [City],
            [State],
            [Country])
 	    VALUES(
            49,
 	        8372,
            'Reroofe',
            '1487',
            'Heber',
            'NT',
            'Australia');

        INSERT INTO Customer (
            [fName],
            [lName],
            [ContactNumber],
            [Email],
            [PasswordID],
            [AddressID])
 	    VALUES(
 	        'Nola',
            'Poore',
            '0401379142',
            'nola.poore@aol.com',
            49,
            49);

        INSERT INTO CustomerPassword (
            [CustomerID],
            [Password])
 	    VALUES(
 	        50,
            '1KPM5702tmY9DJAFSYPum48aYDvJvsE32Ut9wmbhLfv98RDUVylOblRhLCR5sSco');

        INSERT INTO CustomerAddress (
            [AddressID],
            [StreetNum],
            [StreetName],
            [Postcode],
            [City],
            [State],
            [Country])
 	    VALUES(
            50,
 	        7701,
            'Partier',
            '6042',
            'Heidrick',
            'TAS',
            'Australia');

        INSERT INTO Customer (
            [fName],
            [lName],
            [ContactNumber],
            [Email],
            [PasswordID],
            [AddressID])
 	    VALUES(
 	        'Almira',
            'McGuire',
            '0419657732',
            'almira.mcguire@gmail.com',
            50,
            50);

        INSERT INTO CustomerPassword (
            [CustomerID],
            [Password])
 	    VALUES(
 	        51,
            'VLbwiNyevLwrDmVpXlZFI2JlFznvdLkLkN6kk1sb3vBnLNAZwahBviDJj5IbrVb0');

        INSERT INTO CustomerAddress (
            [AddressID],
            [StreetNum],
            [StreetName],
            [Postcode],
            [City],
            [State],
            [Country])
 	    VALUES(
            51,
 	        6554,
            'Tokomak',
            '2760',
            'Bracey',
            'QLD',
            'Australia');

        INSERT INTO Customer (
            [fName],
            [lName],
            [ContactNumber],
            [Email],
            [PasswordID],
            [AddressID])
 	    VALUES(
 	        'Violette',
            'Rosette',
            '0405213292',
            'violette.rosette@office365.com',
            51,
            51);

        INSERT INTO CustomerPassword (
            [CustomerID],
            [Password])
 	    VALUES(
 	        52,
            'zvuqRtaEmqb1ku1u6OnD4ZyTPUPKzEJI85CeECX0oLit6Oz7TIdm3FhCkvkOJDSe');

        INSERT INTO CustomerAddress (
            [AddressID],
            [StreetNum],
            [StreetName],
            [Postcode],
            [City],
            [State],
            [Country])
 	    VALUES(
            52,
 	        6606,
            'Yantr',
            '2224',
            'Barnsdall',
            'VIC',
            'Australia');

        INSERT INTO Customer (
            [fName],
            [lName],
            [ContactNumber],
            [Email],
            [PasswordID],
            [AddressID])
 	    VALUES(
 	        'Mindy',
            'Soo',
            '0476335138',
            'mindy.soo@zoho.com',
            52,
            52);

        INSERT INTO CustomerPassword (
            [CustomerID],
            [Password])
 	    VALUES(
 	        53,
            'xifIFpQtrjWjDfWZkEHE1atXZB7eomn44D8AMrurhbz6ycNUNQyvuQfHCBaX0aTJ');

        INSERT INTO CustomerAddress (
            [AddressID],
            [StreetNum],
            [StreetName],
            [Postcode],
            [City],
            [State],
            [Country])
 	    VALUES(
            53,
 	        2064,
            'Tonear',
            '8507',
            'Alamance',
            'TAS',
            'Australia');

        INSERT INTO Customer (
            [fName],
            [lName],
            [ContactNumber],
            [Email],
            [PasswordID],
            [AddressID])
 	    VALUES(
 	        'Wilone',
            'Maguire',
            '0440907533',
            'wilone.maguire@gmail.com',
            53,
            53);

        INSERT INTO CustomerPassword (
            [CustomerID],
            [Password])
 	    VALUES(
 	        54,
            'GLOd0qWmvmpoSGtkoLclmagdgy178zD1UNo7oG8tWk23WfK1J6tdBnlPzUyaQ6WV');

        INSERT INTO CustomerAddress (
            [AddressID],
            [StreetNum],
            [StreetName],
            [Postcode],
            [City],
            [State],
            [Country])
 	    VALUES(
            54,
 	        6941,
            'Fucker',
            '5752',
            'Maury',
            'NSW',
            'Australia');

        INSERT INTO Customer (
            [fName],
            [lName],
            [ContactNumber],
            [Email],
            [PasswordID],
            [AddressID])
 	    VALUES(
 	        'Clerissa',
            'Cutter',
            '0475989765',
            'clerissa.cutter@zoho.com',
            54,
            54);

        INSERT INTO CustomerPassword (
            [CustomerID],
            [Password])
 	    VALUES(
 	        55,
            'qKjPUbBHWjTzyFGWxlU4MKCUokun2rgyQm7UVNOsk7R4dtbeHQq1Tbtr5stXeA6N');

        INSERT INTO CustomerAddress (
            [AddressID],
            [StreetNum],
            [StreetName],
            [Postcode],
            [City],
            [State],
            [Country])
 	    VALUES(
            55,
 	        4421,
            'Parado',
            '6544',
            'Peridot',
            'WA',
            'Australia');

        INSERT INTO Customer (
            [fName],
            [lName],
            [ContactNumber],
            [Email],
            [PasswordID],
            [AddressID])
 	    VALUES(
 	        'Ree',
            'Piwowar',
            '0452674392',
            'ree.piwowar@yahoo.com',
            55,
            55);

        INSERT INTO CustomerPassword (
            [CustomerID],
            [Password])
 	    VALUES(
 	        56,
            'lacdoaqeAw2qm2MHNRlbCb5yY6F9HrXQRyHTDeS0RZErXGsQX9wB7jm1SlO1Kr2X');

        INSERT INTO CustomerAddress (
            [AddressID],
            [StreetNum],
            [StreetName],
            [Postcode],
            [City],
            [State],
            [Country])
 	    VALUES(
            56,
 	        8025,
            'Gratine',
            '2494',
            'Brooktondale',
            'ACT',
            'Australia');

        INSERT INTO Customer (
            [fName],
            [lName],
            [ContactNumber],
            [Email],
            [PasswordID],
            [AddressID])
 	    VALUES(
 	        'Jacqueline',
            'Coveney',
            '0497523360',
            'jacqueline.coveney@outlook.com',
            56,
            56);

        INSERT INTO CustomerPassword (
            [CustomerID],
            [Password])
 	    VALUES(
 	        57,
            'bWwG947W8yE9mK16DAUc5KPq0OccfpUoQCain21aEy4R2VBcrZ1Uik0suo1zrEjc');

        INSERT INTO CustomerAddress (
            [AddressID],
            [StreetNum],
            [StreetName],
            [Postcode],
            [City],
            [State],
            [Country])
 	    VALUES(
            57,
 	        1707,
            'Nonsel',
            '9146',
            'Syosset',
            'NT',
            'Australia');

        INSERT INTO Customer (
            [fName],
            [lName],
            [ContactNumber],
            [Email],
            [PasswordID],
            [AddressID])
 	    VALUES(
 	        'Lainey',
            'Hultgren',
            '0486351301',
            'lainey.hultgren@zoho.com',
            57,
            57);

        INSERT INTO CustomerPassword (
            [CustomerID],
            [Password])
 	    VALUES(
 	        58,
            'DDtNpe1bvhNBuLrXCaHdLylwJhXPHbc9a55GimlRlQiRij352nPhCgWUrI8O1UYN');

        INSERT INTO CustomerAddress (
            [AddressID],
            [StreetNum],
            [StreetName],
            [Postcode],
            [City],
            [State],
            [Country])
 	    VALUES(
            58,
 	        1494,
            'Goop',
            '7679',
            'Artemus',
            'ACT',
            'Australia');

        INSERT INTO Customer (
            [fName],
            [lName],
            [ContactNumber],
            [Email],
            [PasswordID],
            [AddressID])
 	    VALUES(
 	        'Electra',
            'Marni',
            '0417602492',
            'electra.marni@yahoo.com',
            58,
            58);

        INSERT INTO CustomerPassword (
            [CustomerID],
            [Password])
 	    VALUES(
 	        59,
            'OYmFyHqzabbf1NHwDkTDQy4M2Q0lQfhvYxMzlxkOm7ndZ2pa6SDxRtQCeWxa3Z87');

        INSERT INTO CustomerAddress (
            [AddressID],
            [StreetNum],
            [StreetName],
            [Postcode],
            [City],
            [State],
            [Country])
 	    VALUES(
            59,
 	        3908,
            'Demeto',
            '5658',
            'Kerhonkson',
            'TAS',
            'Australia');

        INSERT INTO Customer (
            [fName],
            [lName],
            [ContactNumber],
            [Email],
            [PasswordID],
            [AddressID])
 	    VALUES(
 	        'Mathilda',
            'Bahner',
            '0469882018',
            'mathilda.bahner@icloud.com',
            59,
            59);

        INSERT INTO CustomerPassword (
            [CustomerID],
            [Password])
 	    VALUES(
 	        60,
            'orxByc2UEq3R2y0HbtsxNYixWXkGFN78epQnA8MrUTWNgthUkpkKLKWXskSTDJMY');

        INSERT INTO CustomerAddress (
            [AddressID],
            [StreetNum],
            [StreetName],
            [Postcode],
            [City],
            [State],
            [Country])
 	    VALUES(
            60,
 	        5404,
            'Gammies',
            '5158',
            'Adamstown',
            'VIC',
            'Australia');

        INSERT INTO Customer (
            [fName],
            [lName],
            [ContactNumber],
            [Email],
            [PasswordID],
            [AddressID])
 	    VALUES(
 	        'Quinn',
            'Taam',
            '0455382358',
            'quinn.taam@yandex.com',
            60,
            60);

        INSERT INTO CustomerPassword (
            [CustomerID],
            [Password])
 	    VALUES(
 	        61,
            'TXIbVZpEBazcpsToDOJPrcMxFnviSxgwoqXEAwXranyWjtWO26GaQYhm0kYuEOvz');

        INSERT INTO CustomerAddress (
            [AddressID],
            [StreetNum],
            [StreetName],
            [Postcode],
            [City],
            [State],
            [Country])
 	    VALUES(
            61,
 	        3053,
            'Savari',
            '4162',
            'Forsyth',
            'VIC',
            'Australia');

        INSERT INTO Customer (
            [fName],
            [lName],
            [ContactNumber],
            [Email],
            [PasswordID],
            [AddressID])
 	    VALUES(
 	        'Gretta',
            'Obidiah',
            '0428211941',
            'gretta.obidiah@aol.com',
            61,
            61);

        INSERT INTO CustomerPassword (
            [CustomerID],
            [Password])
 	    VALUES(
 	        62,
            'GTxjTEcGGSnQrt7j73bABo7EqCIaSUxdvFwHSGmgCyaxt4EFFRwW4Zwg47MlO51t');

        INSERT INTO CustomerAddress (
            [AddressID],
            [StreetNum],
            [StreetName],
            [Postcode],
            [City],
            [State],
            [Country])
 	    VALUES(
            62,
 	        5112,
            'Fourple',
            '2783',
            'Hiwasse',
            'VIC',
            'Australia');

        INSERT INTO Customer (
            [fName],
            [lName],
            [ContactNumber],
            [Email],
            [PasswordID],
            [AddressID])
 	    VALUES(
 	        'Maribel',
            'Kiyoshi',
            '0432634711',
            'maribel.kiyoshi@aol.com',
            62,
            62);

        INSERT INTO CustomerPassword (
            [CustomerID],
            [Password])
 	    VALUES(
 	        63,
            'oWfDWvprEKavxfeZdwrpNgPzwGW1kYyo6K5NahZm8Fm1YUXpbCVKLSzUjh1QiR9p');

        INSERT INTO CustomerAddress (
            [AddressID],
            [StreetNum],
            [StreetName],
            [Postcode],
            [City],
            [State],
            [Country])
 	    VALUES(
            63,
 	        1236,
            'Shiatz',
            '9249',
            'Roma',
            'VIC',
            'Australia');

        INSERT INTO Customer (
            [fName],
            [lName],
            [ContactNumber],
            [Email],
            [PasswordID],
            [AddressID])
 	    VALUES(
 	        'Marketa',
            'Darken',
            '0448315102',
            'marketa.darken@icloud.com',
            63,
            63);

        INSERT INTO CustomerPassword (
            [CustomerID],
            [Password])
 	    VALUES(
 	        64,
            'uFvuoxKLNmUrPINN3cknowwW8y9V4xRSxdMJpK3PCWgTnwlAtgkk9G6C7bD9NoLB');

        INSERT INTO CustomerAddress (
            [AddressID],
            [StreetNum],
            [StreetName],
            [Postcode],
            [City],
            [State],
            [Country])
 	    VALUES(
            64,
 	        8253,
            'Abseil',
            '8733',
            'Trevorton',
            'WA',
            'Australia');

        INSERT INTO Customer (
            [fName],
            [lName],
            [ContactNumber],
            [Email],
            [PasswordID],
            [AddressID])
 	    VALUES(
 	        'Heidie',
            'Alyse',
            '0445961680',
            'heidie.alyse@gmail.com',
            64,
            64);

        INSERT INTO CustomerPassword (
            [CustomerID],
            [Password])
 	    VALUES(
 	        65,
            'BGkFLYDgb0oTgCG32S9N9GghnbFJvFhg4X9sPF738aC8TppEEVWYFK4N1Lk9kQXT');

        INSERT INTO CustomerAddress (
            [AddressID],
            [StreetNum],
            [StreetName],
            [Postcode],
            [City],
            [State],
            [Country])
 	    VALUES(
            65,
 	        4630,
            'Laree',
            '7425',
            'Camptonville',
            'ACT',
            'Australia');

        INSERT INTO Customer (
            [fName],
            [lName],
            [ContactNumber],
            [Email],
            [PasswordID],
            [AddressID])
 	    VALUES(
 	        'Alexia',
            'Herod',
            '0452333132',
            'alexia.herod@icloud.com',
            65,
            65);

        INSERT INTO CustomerPassword (
            [CustomerID],
            [Password])
 	    VALUES(
 	        66,
            'QpwRqMdKaFB0vDcyCMM4iMksNJbDH2lbYttIhPQY6Ll3QxNuGIWhVGYgxVcRhF9x');

        INSERT INTO CustomerAddress (
            [AddressID],
            [StreetNum],
            [StreetName],
            [Postcode],
            [City],
            [State],
            [Country])
 	    VALUES(
            66,
 	        5520,
            'Syntagm',
            '8668',
            'Mcshan',
            'ACT',
            'Australia');

        INSERT INTO Customer (
            [fName],
            [lName],
            [ContactNumber],
            [Email],
            [PasswordID],
            [AddressID])
 	    VALUES(
 	        'Rhona',
            'Garneau',
            '0427891639',
            'rhona.garneau@yandex.com',
            66,
            66);

        INSERT INTO CustomerPassword (
            [CustomerID],
            [Password])
 	    VALUES(
 	        67,
            'SiOJVx8kbs7WrwfFDeDoCRi1nPGcpsFgSuYtqwrdyU6hJAuyRNNrAjcCO3s9QNu9');

        INSERT INTO CustomerAddress (
            [AddressID],
            [StreetNum],
            [StreetName],
            [Postcode],
            [City],
            [State],
            [Country])
 	    VALUES(
            67,
 	        6497,
            'Haggada',
            '1779',
            'Shepherdstown',
            'SA',
            'Australia');

        INSERT INTO Customer (
            [fName],
            [lName],
            [ContactNumber],
            [Email],
            [PasswordID],
            [AddressID])
 	    VALUES(
 	        'Nanette',
            'Chaffin',
            '0459132145',
            'nanette.chaffin@gmail.com',
            67,
            67);

        INSERT INTO CustomerPassword (
            [CustomerID],
            [Password])
 	    VALUES(
 	        68,
            '3yhgfluYc1N3x0f3ri3rT8GrbeeaDn2hWLmQENzOVeWGtYf3wmDVd0JiHnk5kOAO');

        INSERT INTO CustomerAddress (
            [AddressID],
            [StreetNum],
            [StreetName],
            [Postcode],
            [City],
            [State],
            [Country])
 	    VALUES(
            68,
 	        8952,
            'Wingtip',
            '7287',
            'Trilla',
            'WA',
            'Australia');

        INSERT INTO Customer (
            [fName],
            [lName],
            [ContactNumber],
            [Email],
            [PasswordID],
            [AddressID])
 	    VALUES(
 	        'Ofilia',
            'Dieterich',
            '0411891907',
            'ofilia.dieterich@inbox.com',
            68,
            68);

        INSERT INTO CustomerPassword (
            [CustomerID],
            [Password])
 	    VALUES(
 	        69,
            'OTJvNhjwERQFGo0NXWyFjBZOh7HucAofm4hrWlt7I3sXTnMh0FWUY4wuOW5Kmh5p');

        INSERT INTO CustomerAddress (
            [AddressID],
            [StreetNum],
            [StreetName],
            [Postcode],
            [City],
            [State],
            [Country])
 	    VALUES(
            69,
 	        2631,
            'Achillea',
            '2509',
            'Reddick',
            'TAS',
            'Australia');

        INSERT INTO Customer (
            [fName],
            [lName],
            [ContactNumber],
            [Email],
            [PasswordID],
            [AddressID])
 	    VALUES(
 	        'Trixi',
            'Garrity',
            '0483462132',
            'trixi.garrity@icloud.com',
            69,
            69);

        INSERT INTO CustomerPassword (
            [CustomerID],
            [Password])
 	    VALUES(
 	        70,
            'Fz6sYI5NEFkrEIq0GsNqGzTEB04Cw8ZgNswy0UzkFcbOes7aJw9skORcCspSCLAw');

        INSERT INTO CustomerAddress (
            [AddressID],
            [StreetNum],
            [StreetName],
            [Postcode],
            [City],
            [State],
            [Country])
 	    VALUES(
            70,
 	        3792,
            'Phonyin',
            '6110',
            'Champlin',
            'TAS',
            'Australia');

        INSERT INTO Customer (
            [fName],
            [lName],
            [ContactNumber],
            [Email],
            [PasswordID],
            [AddressID])
 	    VALUES(
 	        'Hildegaard',
            'Gianna',
            '0423724310',
            'hildegaard.gianna@outlook.com',
            70,
            70);

        INSERT INTO CustomerPassword (
            [CustomerID],
            [Password])
 	    VALUES(
 	        71,
            'Agx8UqndrkPfpfEYRadpj8jU4uGNaC6CNMQhNQvwdGmAsAcx4ChCUBFBkKHZ4Hjc');

        INSERT INTO CustomerAddress (
            [AddressID],
            [StreetNum],
            [StreetName],
            [Postcode],
            [City],
            [State],
            [Country])
 	    VALUES(
            71,
 	        1353,
            'Caberne',
            '5706',
            'Ogilvie',
            'NT',
            'Australia');

        INSERT INTO Customer (
            [fName],
            [lName],
            [ContactNumber],
            [Email],
            [PasswordID],
            [AddressID])
 	    VALUES(
 	        'Norean',
            'Linnie',
            '0499984726',
            'norean.linnie@outlook.com',
            71,
            71);

        INSERT INTO CustomerPassword (
            [CustomerID],
            [Password])
 	    VALUES(
 	        72,
            'gIcvARLqYaLLBk3A4gbYgOui4e5w6knsy8oPeF8JOxq0totFQ87VewjcEuUeVfFX');

        INSERT INTO CustomerAddress (
            [AddressID],
            [StreetNum],
            [StreetName],
            [Postcode],
            [City],
            [State],
            [Country])
 	    VALUES(
            72,
 	        127,
            'Nunatak',
            '9380',
            'Ozona',
            'VIC',
            'Australia');

        INSERT INTO Customer (
            [fName],
            [lName],
            [ContactNumber],
            [Email],
            [PasswordID],
            [AddressID])
 	    VALUES(
 	        'Jacklin',
            'Alexio',
            '0468804016',
            'jacklin.alexio@gmail.com',
            72,
            72);

        INSERT INTO CustomerPassword (
            [CustomerID],
            [Password])
 	    VALUES(
 	        73,
            '9BGTcN985iJ6O51k46WfdXwSOspGaSlRLLltdqAppBomI1Q1rf1VpEeFOh3OLWYM');

        INSERT INTO CustomerAddress (
            [AddressID],
            [StreetNum],
            [StreetName],
            [Postcode],
            [City],
            [State],
            [Country])
 	    VALUES(
            73,
 	        2118,
            'Sentim',
            '2273',
            'Loraine',
            'WA',
            'Australia');

        INSERT INTO Customer (
            [fName],
            [lName],
            [ContactNumber],
            [Email],
            [PasswordID],
            [AddressID])
 	    VALUES(
 	        'Mignonne',
            'Crichton',
            '0484972465',
            'mignonne.crichton@icloud.com',
            73,
            73);

        INSERT INTO CustomerPassword (
            [CustomerID],
            [Password])
 	    VALUES(
 	        74,
            'It9lU5zl7f8gcfAMzRHofkDbO6vn6VVqVUO4E2leRsT0Buk7WEu7cLc6fK2yLCf8');

        INSERT INTO CustomerAddress (
            [AddressID],
            [StreetNum],
            [StreetName],
            [Postcode],
            [City],
            [State],
            [Country])
 	    VALUES(
            74,
 	        2155,
            'Floate',
            '9517',
            'Warner',
            'TAS',
            'Australia');

        INSERT INTO Customer (
            [fName],
            [lName],
            [ContactNumber],
            [Email],
            [PasswordID],
            [AddressID])
 	    VALUES(
 	        'Dagmar',
            'Hector',
            '0464577522',
            'dagmar.hector@yahoo.com',
            74,
            74);

        INSERT INTO CustomerPassword (
            [CustomerID],
            [Password])
 	    VALUES(
 	        75,
            'gQcbiG0bE8ySrn28uYz23U0KoUeKiQe7Ra1hFqq1oAsCRRsVxNhuJTICkKvVCsAJ');

        INSERT INTO CustomerAddress (
            [AddressID],
            [StreetNum],
            [StreetName],
            [Postcode],
            [City],
            [State],
            [Country])
 	    VALUES(
            75,
 	        9168,
            'Podocar',
            '6550',
            'Blain',
            'WA',
            'Australia');

        INSERT INTO Customer (
            [fName],
            [lName],
            [ContactNumber],
            [Email],
            [PasswordID],
            [AddressID])
 	    VALUES(
 	        'Ruthy',
            'Ary',
            '0402365329',
            'ruthy.ary@yahoo.com',
            75,
            75);

        INSERT INTO CustomerPassword (
            [CustomerID],
            [Password])
 	    VALUES(
 	        76,
            'zfRSsVmkoBS6TcSo5JI6ptoZbJjOngoXSil0HRU5qni8PJljtnIskvEzM4M7teNf');

        INSERT INTO CustomerAddress (
            [AddressID],
            [StreetNum],
            [StreetName],
            [Postcode],
            [City],
            [State],
            [Country])
 	    VALUES(
            76,
 	        9029,
            'Repoll',
            '6640',
            'Halliday',
            'NSW',
            'Australia');

        INSERT INTO Customer (
            [fName],
            [lName],
            [ContactNumber],
            [Email],
            [PasswordID],
            [AddressID])
 	    VALUES(
 	        'Fern',
            'Karry',
            '0410852065',
            'fern.karry@office365.com',
            76,
            76);

        INSERT INTO CustomerPassword (
            [CustomerID],
            [Password])
 	    VALUES(
 	        77,
            'DzqhpKfIpNNNKwnFJtadpteVj1eHtoWNjfdOl8H4s19LmdOUrusxXExpAPgkYqD4');

        INSERT INTO CustomerAddress (
            [AddressID],
            [StreetNum],
            [StreetName],
            [Postcode],
            [City],
            [State],
            [Country])
 	    VALUES(
            77,
 	        6040,
            'Piste',
            '3034',
            'Congers',
            'VIC',
            'Australia');

        INSERT INTO Customer (
            [fName],
            [lName],
            [ContactNumber],
            [Email],
            [PasswordID],
            [AddressID])
 	    VALUES(
 	        'Tomasine',
            'Hoxsie',
            '0489852074',
            'tomasine.hoxsie@inbox.com',
            77,
            77);

        INSERT INTO CustomerPassword (
            [CustomerID],
            [Password])
 	    VALUES(
 	        78,
            'khjfZmWQj0pE8uFS6njMEWw1kAzTHY2qBmUD487eVB6NSYWYdV7TzUoAc5tDbqic');

        INSERT INTO CustomerAddress (
            [AddressID],
            [StreetNum],
            [StreetName],
            [Postcode],
            [City],
            [State],
            [Country])
 	    VALUES(
            78,
 	        7093,
            'Subtopi',
            '5236',
            'Landing',
            'NSW',
            'Australia');

        INSERT INTO Customer (
            [fName],
            [lName],
            [ContactNumber],
            [Email],
            [PasswordID],
            [AddressID])
 	    VALUES(
 	        'Ingeborg',
            'Banebrudge',
            '0454251258',
            'ingeborg.banebrudge@outlook.com',
            78,
            78);

        INSERT INTO CustomerPassword (
            [CustomerID],
            [Password])
 	    VALUES(
 	        79,
            'zgN8kpIp9IyNZPA9S5Y4u51YW3hom3CM27SOziJe0o1psXeOXSFhY8vZz1qwBVKp');

        INSERT INTO CustomerAddress (
            [AddressID],
            [StreetNum],
            [StreetName],
            [Postcode],
            [City],
            [State],
            [Country])
 	    VALUES(
            79,
 	        7029,
            'Mistrut',
            '2589',
            'Curtice',
            'NT',
            'Australia');

        INSERT INTO Customer (
            [fName],
            [lName],
            [ContactNumber],
            [Email],
            [PasswordID],
            [AddressID])
 	    VALUES(
 	        'Hettie',
            'Avigdor',
            '0418722458',
            'hettie.avigdor@aol.com',
            79,
            79);

        INSERT INTO CustomerPassword (
            [CustomerID],
            [Password])
 	    VALUES(
 	        80,
            'cIt7ZiKmlCyuInDmru2PSBs1TGBS20UXXRD8VsXG7lmSVUOj3AwAReCylbIYC0rj');

        INSERT INTO CustomerAddress (
            [AddressID],
            [StreetNum],
            [StreetName],
            [Postcode],
            [City],
            [State],
            [Country])
 	    VALUES(
            80,
 	        6037,
            'Clenche',
            '6042',
            'Spottsville',
            'VIC',
            'Australia');

        INSERT INTO Customer (
            [fName],
            [lName],
            [ContactNumber],
            [Email],
            [PasswordID],
            [AddressID])
 	    VALUES(
 	        'Mabel',
            'Annabel',
            '0416902937',
            'mabel.annabel@aol.com',
            80,
            80);

        INSERT INTO CustomerPassword (
            [CustomerID],
            [Password])
 	    VALUES(
 	        81,
            'y65H0fgG6HZm5XegvhObUYcAYUMvPKwBlLdpC70oou09Cdhj50sZPNMmdHwULcU2');

        INSERT INTO CustomerAddress (
            [AddressID],
            [StreetNum],
            [StreetName],
            [Postcode],
            [City],
            [State],
            [Country])
 	    VALUES(
            81,
 	        932,
            'Muto',
            '1636',
            'Keithsburg',
            'QLD',
            'Australia');

        INSERT INTO Customer (
            [fName],
            [lName],
            [ContactNumber],
            [Email],
            [PasswordID],
            [AddressID])
 	    VALUES(
 	        'Gwendolyn',
            'Milks',
            '0404976462',
            'gwendolyn.milks@office365.com',
            81,
            81);

        INSERT INTO CustomerPassword (
            [CustomerID],
            [Password])
 	    VALUES(
 	        82,
            'TlHX7LSztfdl4ViletSOTVzvogAYPSdoW8Jb9dJaSpy4lpEBac5ulAfFGEGbYC9j');

        INSERT INTO CustomerAddress (
            [AddressID],
            [StreetNum],
            [StreetName],
            [Postcode],
            [City],
            [State],
            [Country])
 	    VALUES(
            82,
 	        856,
            'Pe',
            '2215',
            'Cayuta',
            'WA',
            'Australia');

        INSERT INTO Customer (
            [fName],
            [lName],
            [ContactNumber],
            [Email],
            [PasswordID],
            [AddressID])
 	    VALUES(
 	        'Doralin',
            'Milda',
            '0411827592',
            'doralin.milda@zoho.com',
            82,
            82);

        INSERT INTO CustomerPassword (
            [CustomerID],
            [Password])
 	    VALUES(
 	        83,
            'xMf1vHIeMWtRQ6TsClrfCfUVcGBkMeGO1bbiT8u7UMkd8xGQp90OcPwFSpl6Uy29');

        INSERT INTO CustomerAddress (
            [AddressID],
            [StreetNum],
            [StreetName],
            [Postcode],
            [City],
            [State],
            [Country])
 	    VALUES(
            83,
 	        7408,
            'Bifac',
            '4570',
            'Sayner',
            'VIC',
            'Australia');

        INSERT INTO Customer (
            [fName],
            [lName],
            [ContactNumber],
            [Email],
            [PasswordID],
            [AddressID])
 	    VALUES(
 	        'Candie',
            'Urbanus',
            '0449029098',
            'candie.urbanus@aol.com',
            83,
            83);

        INSERT INTO CustomerPassword (
            [CustomerID],
            [Password])
 	    VALUES(
 	        84,
            'kfcKX94pN9QjjBC90tvcfpc6d5PqpK1sFLdtE8pFAktkcnZXzzF0Q0zyIWHYVGiS');

        INSERT INTO CustomerAddress (
            [AddressID],
            [StreetNum],
            [StreetName],
            [Postcode],
            [City],
            [State],
            [Country])
 	    VALUES(
            84,
 	        3025,
            'Malot',
            '8360',
            'Mershon',
            'NT',
            'Australia');

        INSERT INTO Customer (
            [fName],
            [lName],
            [ContactNumber],
            [Email],
            [PasswordID],
            [AddressID])
 	    VALUES(
 	        'Cara',
            'Placida',
            '0492749570',
            'cara.placida@yahoo.com',
            84,
            84);

        INSERT INTO CustomerPassword (
            [CustomerID],
            [Password])
 	    VALUES(
 	        85,
            'DyZmBxlrx9hUzXq8SttK1cH9gZiAxb8caISxm36FytAs1Yvv16qTlrnSTCqrnQqg');

        INSERT INTO CustomerAddress (
            [AddressID],
            [StreetNum],
            [StreetName],
            [Postcode],
            [City],
            [State],
            [Country])
 	    VALUES(
            85,
 	        3942,
            'Redon',
            '9790',
            'Mohall',
            'VIC',
            'Australia');

        INSERT INTO Customer (
            [fName],
            [lName],
            [ContactNumber],
            [Email],
            [PasswordID],
            [AddressID])
 	    VALUES(
 	        'Rosetta',
            'Phoebe',
            '0422839256',
            'rosetta.phoebe@inbox.com',
            85,
            85);

        INSERT INTO CustomerPassword (
            [CustomerID],
            [Password])
 	    VALUES(
 	        86,
            'FjdfFCtY2En5ICedT0oOPTMegzGIjTEJNSxvK3PngjXRCfjzC7cwXjiijwYVFPOx');

        INSERT INTO CustomerAddress (
            [AddressID],
            [StreetNum],
            [StreetName],
            [Postcode],
            [City],
            [State],
            [Country])
 	    VALUES(
            86,
 	        7174,
            'Faggot',
            '5889',
            'Yards',
            'VIC',
            'Australia');

        INSERT INTO Customer (
            [fName],
            [lName],
            [ContactNumber],
            [Email],
            [PasswordID],
            [AddressID])
 	    VALUES(
 	        'Averil',
            'Annetta',
            '0466796720',
            'averil.annetta@office365.com',
            86,
            86);

        INSERT INTO CustomerPassword (
            [CustomerID],
            [Password])
 	    VALUES(
 	        87,
            'WKKJvWdbLKjo5ENHUSa81vY3E7e9oFi2ZrIm2evX2tFbn9IdM5PyixsUv7J2CFas');

        INSERT INTO CustomerAddress (
            [AddressID],
            [StreetNum],
            [StreetName],
            [Postcode],
            [City],
            [State],
            [Country])
 	    VALUES(
            87,
 	        5247,
            'Airplay',
            '4449',
            'Lupton',
            'WA',
            'Australia');

        INSERT INTO Customer (
            [fName],
            [lName],
            [ContactNumber],
            [Email],
            [PasswordID],
            [AddressID])
 	    VALUES(
 	        'Brandy',
            'Betty',
            '0416697349',
            'brandy.betty@icloud.com',
            87,
            87);

        INSERT INTO CustomerPassword (
            [CustomerID],
            [Password])
 	    VALUES(
 	        88,
            'DCpZq90DmoVshr8EPzhs23e6kDRpBKcE6DOaOZ9PlSbwtzv2SoVo7BsQ2PNpLERm');

        INSERT INTO CustomerAddress (
            [AddressID],
            [StreetNum],
            [StreetName],
            [Postcode],
            [City],
            [State],
            [Country])
 	    VALUES(
            88,
 	        2751,
            'Laha',
            '9924',
            'Gans',
            'WA',
            'Australia');

        INSERT INTO Customer (
            [fName],
            [lName],
            [ContactNumber],
            [Email],
            [PasswordID],
            [AddressID])
 	    VALUES(
 	        'Charlotta',
            'Fritzsche',
            '0413482327',
            'charlotta.fritzsche@aol.com',
            88,
            88);

        INSERT INTO CustomerPassword (
            [CustomerID],
            [Password])
 	    VALUES(
 	        89,
            'It4xcvn8r58yM6eAqZvWTM4Jlj3D0wheu7ruD1DmRoLvcDeguKO5WejkXmylZdu1');

        INSERT INTO CustomerAddress (
            [AddressID],
            [StreetNum],
            [StreetName],
            [Postcode],
            [City],
            [State],
            [Country])
 	    VALUES(
            89,
 	        4193,
            'Azlo',
            '4517',
            'Luthersville',
            'WA',
            'Australia');

        INSERT INTO Customer (
            [fName],
            [lName],
            [ContactNumber],
            [Email],
            [PasswordID],
            [AddressID])
 	    VALUES(
 	        'Mildrid',
            'Lincoln',
            '0451275169',
            'mildrid.lincoln@mail.com',
            89,
            89);

        INSERT INTO CustomerPassword (
            [CustomerID],
            [Password])
 	    VALUES(
 	        90,
            'YLmpJMS1p2ABtjEQe1fpfIoZr9KBw4zrMkWbRJLgqL5R6fZ1SpgAVupeKxUrBkTg');

        INSERT INTO CustomerAddress (
            [AddressID],
            [StreetNum],
            [StreetName],
            [Postcode],
            [City],
            [State],
            [Country])
 	    VALUES(
            90,
 	        181,
            'Replo',
            '4044',
            'Peever',
            'QLD',
            'Australia');

        INSERT INTO Customer (
            [fName],
            [lName],
            [ContactNumber],
            [Email],
            [PasswordID],
            [AddressID])
 	    VALUES(
 	        'Bibi',
            'Madonia',
            '0489675175',
            'bibi.madonia@gmail.com',
            90,
            90);

        INSERT INTO CustomerPassword (
            [CustomerID],
            [Password])
 	    VALUES(
 	        91,
            'djyx8KRKx0yMdlAhNBqczNhxWNVDQjwAodwQMkH106zMI7i7iiYJolMVwBHKgqpw');

        INSERT INTO CustomerAddress (
            [AddressID],
            [StreetNum],
            [StreetName],
            [Postcode],
            [City],
            [State],
            [Country])
 	    VALUES(
            91,
 	        2898,
            'Umangit',
            '5674',
            'Johnsonburg',
            'QLD',
            'Australia');

        INSERT INTO Customer (
            [fName],
            [lName],
            [ContactNumber],
            [Email],
            [PasswordID],
            [AddressID])
 	    VALUES(
 	        'Johannah',
            'Rigby',
            '0404048643',
            'johannah.rigby@gmail.com',
            91,
            91);

        INSERT INTO CustomerPassword (
            [CustomerID],
            [Password])
 	    VALUES(
 	        92,
            'WEOwjf5pWoEaLxBnaMtyaUfwBwY2RAJdDhxADsTkWtN0Qx2512twK4CvoHR2j2VJ');

        INSERT INTO CustomerAddress (
            [AddressID],
            [StreetNum],
            [StreetName],
            [Postcode],
            [City],
            [State],
            [Country])
 	    VALUES(
            92,
 	        7741,
            'Kickbal',
            '4955',
            'Gardena',
            'TAS',
            'Australia');

        INSERT INTO Customer (
            [fName],
            [lName],
            [ContactNumber],
            [Email],
            [PasswordID],
            [AddressID])
 	    VALUES(
 	        'Jayme',
            'Schwenk',
            '0413359463',
            'jayme.schwenk@uon.edu.au',
            92,
            92);

        INSERT INTO CustomerPassword (
            [CustomerID],
            [Password])
 	    VALUES(
 	        93,
            'EgAGOngzqXmpSHS5WIvPAYra3JW2bdTy6Sk3M805LaMXfZOJeWZGyyUhSMYYpGM0');

        INSERT INTO CustomerAddress (
            [AddressID],
            [StreetNum],
            [StreetName],
            [Postcode],
            [City],
            [State],
            [Country])
 	    VALUES(
            93,
 	        1536,
            'Gru',
            '7941',
            'Mozier',
            'VIC',
            'Australia');

        INSERT INTO Customer (
            [fName],
            [lName],
            [ContactNumber],
            [Email],
            [PasswordID],
            [AddressID])
 	    VALUES(
 	        'Carlina',
            'Moyer',
            '0468373104',
            'carlina.moyer@aol.com',
            93,
            93);

        INSERT INTO CustomerPassword (
            [CustomerID],
            [Password])
 	    VALUES(
 	        94,
            'fRnl6ve4Wl72kWEZbXQz3X0QvkqAaRRbXAml5VP91ojlhPlc8NRMI32xjOkZPBSO');

        INSERT INTO CustomerAddress (
            [AddressID],
            [StreetNum],
            [StreetName],
            [Postcode],
            [City],
            [State],
            [Country])
 	    VALUES(
            94,
 	        2111,
            'Hamada',
            '2216',
            'Albemarle',
            'ACT',
            'Australia');

        INSERT INTO Customer (
            [fName],
            [lName],
            [ContactNumber],
            [Email],
            [PasswordID],
            [AddressID])
 	    VALUES(
 	        'Dania',
            'Murdoch',
            '0414188968',
            'dania.murdoch@uon.edu.au',
            94,
            94);

        INSERT INTO CustomerPassword (
            [CustomerID],
            [Password])
 	    VALUES(
 	        95,
            'vkkSlwrFdqYcaeLqWpoxZ1x0r1M915jR7NwsfvAes0JrtwIwxK2Jos1xlIJ3qp8C');

        INSERT INTO CustomerAddress (
            [AddressID],
            [StreetNum],
            [StreetName],
            [Postcode],
            [City],
            [State],
            [Country])
 	    VALUES(
            95,
 	        311,
            'Advect',
            '3729',
            'Scottdale',
            'ACT',
            'Australia');

        INSERT INTO Customer (
            [fName],
            [lName],
            [ContactNumber],
            [Email],
            [PasswordID],
            [AddressID])
 	    VALUES(
 	        'Maxie',
            'Edgell',
            '0430584443',
            'maxie.edgell@yandex.com',
            95,
            95);

        INSERT INTO CustomerPassword (
            [CustomerID],
            [Password])
 	    VALUES(
 	        96,
            'b01Pc3kuqbNhT3XG7eZiGYFSlJpRLUFv0VdKfyG6PbFZ0F5YqViPJY39DkL2Jdj7');

        INSERT INTO CustomerAddress (
            [AddressID],
            [StreetNum],
            [StreetName],
            [Postcode],
            [City],
            [State],
            [Country])
 	    VALUES(
            96,
 	        6770,
            'Titfer',
            '3024',
            'Concho',
            'NT',
            'Australia');

        INSERT INTO Customer (
            [fName],
            [lName],
            [ContactNumber],
            [Email],
            [PasswordID],
            [AddressID])
 	    VALUES(
 	        'Tresa',
            'Shae',
            '0418972602',
            'tresa.shae@icloud.com',
            96,
            96);

        INSERT INTO CustomerPassword (
            [CustomerID],
            [Password])
 	    VALUES(
 	        97,
            'dFwVS4trrF7JLiHTiPvCKcYEnTMwX9XqO5LCETJdYLo3DfAQZr6K503NmTSzL1hY');

        INSERT INTO CustomerAddress (
            [AddressID],
            [StreetNum],
            [StreetName],
            [Postcode],
            [City],
            [State],
            [Country])
 	    VALUES(
            97,
 	        6216,
            'Viewdat',
            '8828',
            'Barnesboro',
            'SA',
            'Australia');

        INSERT INTO Customer (
            [fName],
            [lName],
            [ContactNumber],
            [Email],
            [PasswordID],
            [AddressID])
 	    VALUES(
 	        'Darby',
            'Brenk',
            '0451144651',
            'darby.brenk@zoho.com',
            97,
            97);

        INSERT INTO CustomerPassword (
            [CustomerID],
            [Password])
 	    VALUES(
 	        98,
            'YiJRvuIovHTsJKHlrisQyoHONX9ObwLLqKtjWa7lbcxiA6A6DufrlhDOpoJUXZxf');

        INSERT INTO CustomerAddress (
            [AddressID],
            [StreetNum],
            [StreetName],
            [Postcode],
            [City],
            [State],
            [Country])
 	    VALUES(
            98,
 	        8631,
            'Binoc',
            '8221',
            'Morganville',
            'NSW',
            'Australia');

        INSERT INTO Customer (
            [fName],
            [lName],
            [ContactNumber],
            [Email],
            [PasswordID],
            [AddressID])
 	    VALUES(
 	        'Frances',
            'Huttan',
            '0408251225',
            'frances.huttan@mail.com',
            98,
            98);

        INSERT INTO CustomerPassword (
            [CustomerID],
            [Password])
 	    VALUES(
 	        99,
            'NgmDdVBB5xr8b9fdeOKoU0oCSGBVgyx2LK7U2HhfmCocw6kTym7BXy5Vo6VqPOL2');

        INSERT INTO CustomerAddress (
            [AddressID],
            [StreetNum],
            [StreetName],
            [Postcode],
            [City],
            [State],
            [Country])
 	    VALUES(
            99,
 	        9855,
            'Overdub',
            '1971',
            'Mellette',
            'ACT',
            'Australia');

        INSERT INTO Customer (
            [fName],
            [lName],
            [ContactNumber],
            [Email],
            [PasswordID],
            [AddressID])
 	    VALUES(
 	        'Modesty',
            'Arondel',
            '0468610101',
            'modesty.arondel@inbox.com',
            99,
            99);
