
        INSERT INTO CustomerPassword (
            [CustomerID],
            [Password])
 	    VALUES(
 	        1,
            'XJrAvsRDW99NmyT94SzmfrHTqbABzsA75rLh1XUxulEzlnsfXGY8po7rXfgtcm4e');

        INSERT INTO CustomerAddress (
            [AddressID],
            [StreetNum],
            [StreetName],
            [Postcode],
            [City],
            [State],
            [Country])
 	    VALUES(
            1,
 	        5101,
            'Repumpe',
            '5106',
            'Jetmore',
            'NSW',
            'Australia');

        INSERT INTO Customer (
            [fName],
            [lName],
            [ContactNumber],
            [Email],
            [PasswordID],
            [AddressID])
 	    VALUES(
 	        'Petronella',
            'Bruckner',
            '0454170895',
            'petronella.bruckner@inbox.com',
            1,
            1);

        INSERT INTO CustomerPassword (
            [CustomerID],
            [Password])
 	    VALUES(
 	        2,
            'bdkek3TNgtgCpC69zkQ4mTAeYmNebYeHorVNYHhiZbpJthDqalEy7FCHiWWmr3C6');

        INSERT INTO CustomerAddress (
            [AddressID],
            [StreetNum],
            [StreetName],
            [Postcode],
            [City],
            [State],
            [Country])
 	    VALUES(
            2,
 	        1922,
            'Tabouli',
            '6193',
            'Obion',
            'NT',
            'Australia');

        INSERT INTO Customer (
            [fName],
            [lName],
            [ContactNumber],
            [Email],
            [PasswordID],
            [AddressID])
 	    VALUES(
 	        'Cherice',
            'Angele',
            '0467921033',
            'cherice.angele@outlook.com',
            2,
            2);

        INSERT INTO CustomerPassword (
            [CustomerID],
            [Password])
 	    VALUES(
 	        3,
            'GXkawc6qNfdIAxwcnDkcB0jAil8bntn9epUqqQCytUZja85xp7ftupdsaErmu3PY');

        INSERT INTO CustomerAddress (
            [AddressID],
            [StreetNum],
            [StreetName],
            [Postcode],
            [City],
            [State],
            [Country])
 	    VALUES(
            3,
 	        5215,
            'Int',
            '1663',
            'Kwethluk',
            'QLD',
            'Australia');

        INSERT INTO Customer (
            [fName],
            [lName],
            [ContactNumber],
            [Email],
            [PasswordID],
            [AddressID])
 	    VALUES(
 	        'Lulu',
            'Heeley',
            '0409259889',
            'lulu.heeley@aol.com',
            3,
            3);

        INSERT INTO CustomerPassword (
            [CustomerID],
            [Password])
 	    VALUES(
 	        4,
            'k3igXkL6zeJX7S0uE5O6kidX1WB5cqtxJlHiPIHMs3Lds0VSDxWgdE21BEvbVLoc');

        INSERT INTO CustomerAddress (
            [AddressID],
            [StreetNum],
            [StreetName],
            [Postcode],
            [City],
            [State],
            [Country])
 	    VALUES(
            4,
 	        2149,
            'Demersa',
            '9409',
            'Kila',
            'NSW',
            'Australia');

        INSERT INTO Customer (
            [fName],
            [lName],
            [ContactNumber],
            [Email],
            [PasswordID],
            [AddressID])
 	    VALUES(
 	        'Michaelina',
            'Zenger',
            '0443718946',
            'michaelina.zenger@yahoo.com',
            4,
            4);

        INSERT INTO CustomerPassword (
            [CustomerID],
            [Password])
 	    VALUES(
 	        5,
            'xI98N0J4j2jD3KfBIIuhKy8aA4NH1mRkUWR1wgLXLakDpwqT4H0IvCc3eCRHtsUe');

        INSERT INTO CustomerAddress (
            [AddressID],
            [StreetNum],
            [StreetName],
            [Postcode],
            [City],
            [State],
            [Country])
 	    VALUES(
            5,
 	        6342,
            'Misset',
            '1732',
            'Fillmore',
            'ACT',
            'Australia');

        INSERT INTO Customer (
            [fName],
            [lName],
            [ContactNumber],
            [Email],
            [PasswordID],
            [AddressID])
 	    VALUES(
 	        'Leanor',
            'Carli',
            '0423752220',
            'leanor.carli@outlook.com',
            5,
            5);

        INSERT INTO CustomerPassword (
            [CustomerID],
            [Password])
 	    VALUES(
 	        6,
            '9CGWzub8OXOASP7Up3iltdTig4wtthbcdAKHOUWUGCxORJ1WOFDJhVqzrwSJIIfA');

        INSERT INTO CustomerAddress (
            [AddressID],
            [StreetNum],
            [StreetName],
            [Postcode],
            [City],
            [State],
            [Country])
 	    VALUES(
            6,
 	        542,
            'Sidebar',
            '6138',
            'Lederach',
            'QLD',
            'Australia');

        INSERT INTO Customer (
            [fName],
            [lName],
            [ContactNumber],
            [Email],
            [PasswordID],
            [AddressID])
 	    VALUES(
 	        'Tabatha',
            'Ingmar',
            '0428676672',
            'tabatha.ingmar@outlook.com',
            6,
            6);

        INSERT INTO CustomerPassword (
            [CustomerID],
            [Password])
 	    VALUES(
 	        7,
            'CRGzxxP80aEwhjGlSqlSYQRUDLGlxw7KtbgwUP9ZKOMPF7IUqpodMNBfJIYJ7m85');

        INSERT INTO CustomerAddress (
            [AddressID],
            [StreetNum],
            [StreetName],
            [Postcode],
            [City],
            [State],
            [Country])
 	    VALUES(
            7,
 	        3507,
            'Quadple',
            '2264',
            'Traunik',
            'WA',
            'Australia');

        INSERT INTO Customer (
            [fName],
            [lName],
            [ContactNumber],
            [Email],
            [PasswordID],
            [AddressID])
 	    VALUES(
 	        'Kyle',
            'Folger',
            '0471689952',
            'kyle.folger@icloud.com',
            7,
            7);

        INSERT INTO CustomerPassword (
            [CustomerID],
            [Password])
 	    VALUES(
 	        8,
            'r8dwumAtaKGcynoVcKlHaJIThGRWmmPLcaxAqd6XtKSUA38NL8Ny1YG0n1tBnshI');

        INSERT INTO CustomerAddress (
            [AddressID],
            [StreetNum],
            [StreetName],
            [Postcode],
            [City],
            [State],
            [Country])
 	    VALUES(
            8,
 	        7239,
            'Toysho',
            '8706',
            'Craigsville',
            'QLD',
            'Australia');

        INSERT INTO Customer (
            [fName],
            [lName],
            [ContactNumber],
            [Email],
            [PasswordID],
            [AddressID])
 	    VALUES(
 	        'Hally',
            'Ethelind',
            '0419155468',
            'hally.ethelind@gmail.com',
            8,
            8);

        INSERT INTO CustomerPassword (
            [CustomerID],
            [Password])
 	    VALUES(
 	        9,
            'H8eHm1dHOuWpumTM9y7TSavcV8ffYp9ouufCzTK61tJpZxtHz4yhkTlpt03i3zeL');

        INSERT INTO CustomerAddress (
            [AddressID],
            [StreetNum],
            [StreetName],
            [Postcode],
            [City],
            [State],
            [Country])
 	    VALUES(
            9,
 	        6244,
            'Phoneye',
            '9875',
            'Davidsville',
            'NT',
            'Australia');

        INSERT INTO Customer (
            [fName],
            [lName],
            [ContactNumber],
            [Email],
            [PasswordID],
            [AddressID])
 	    VALUES(
 	        'Hestia',
            'Aylsworth',
            '0434473988',
            'hestia.aylsworth@aol.com',
            9,
            9);

        INSERT INTO CustomerPassword (
            [CustomerID],
            [Password])
 	    VALUES(
 	        10,
            'f0hAsyJP8uwjWju5sAoX2nxPR7rWRnfhBGCQCgbQeIvY9veDWmrlJRpj18VEAoGG');

        INSERT INTO CustomerAddress (
            [AddressID],
            [StreetNum],
            [StreetName],
            [Postcode],
            [City],
            [State],
            [Country])
 	    VALUES(
            10,
 	        6185,
            'Tsoori',
            '9394',
            'Marysville',
            'SA',
            'Australia');

        INSERT INTO Customer (
            [fName],
            [lName],
            [ContactNumber],
            [Email],
            [PasswordID],
            [AddressID])
 	    VALUES(
 	        'Dorothee',
            'Borreri',
            '0459216824',
            'dorothee.borreri@outlook.com',
            10,
            10);

        INSERT INTO CustomerPassword (
            [CustomerID],
            [Password])
 	    VALUES(
 	        11,
            'DT7iZSBcIMEslN2d3wrLKkdsCRIVcHoLqaHZvhIKXO0L8aJuZoNYpTXXgqRw7VBl');

        INSERT INTO CustomerAddress (
            [AddressID],
            [StreetNum],
            [StreetName],
            [Postcode],
            [City],
            [State],
            [Country])
 	    VALUES(
            11,
 	        1569,
            'Outbraw',
            '3316',
            'Fordcliff',
            'NT',
            'Australia');

        INSERT INTO Customer (
            [fName],
            [lName],
            [ContactNumber],
            [Email],
            [PasswordID],
            [AddressID])
 	    VALUES(
 	        'Nancie',
            'Emelyne',
            '0403076318',
            'nancie.emelyne@yahoo.com',
            11,
            11);

        INSERT INTO CustomerPassword (
            [CustomerID],
            [Password])
 	    VALUES(
 	        12,
            'LIbKRUS4GUqQOOOpLXTC9w5SquYmwfgWLS2DwRtQdH33Lc8BKAnRimaCq8M9zF2O');

        INSERT INTO CustomerAddress (
            [AddressID],
            [StreetNum],
            [StreetName],
            [Postcode],
            [City],
            [State],
            [Country])
 	    VALUES(
            12,
 	        5569,
            'Resigh',
            '6131',
            'Albee',
            'TAS',
            'Australia');

        INSERT INTO Customer (
            [fName],
            [lName],
            [ContactNumber],
            [Email],
            [PasswordID],
            [AddressID])
 	    VALUES(
 	        'Rebbecca',
            'Cathi',
            '0420137616',
            'rebbecca.cathi@office365.com',
            12,
            12);

        INSERT INTO CustomerPassword (
            [CustomerID],
            [Password])
 	    VALUES(
 	        13,
            'uqjqJ3lvjOoqwZL90WZSNiLPzcu8PEmiY9vPWJUCLuJKjKLKV6QuqNipi7jmLzxp');

        INSERT INTO CustomerAddress (
            [AddressID],
            [StreetNum],
            [StreetName],
            [Postcode],
            [City],
            [State],
            [Country])
 	    VALUES(
            13,
 	        1276,
            'Antica',
            '6027',
            'Simsbury',
            'NT',
            'Australia');

        INSERT INTO Customer (
            [fName],
            [lName],
            [ContactNumber],
            [Email],
            [PasswordID],
            [AddressID])
 	    VALUES(
 	        'Iona',
            'Fitzhugh',
            '0458255565',
            'iona.fitzhugh@icloud.com',
            13,
            13);

        INSERT INTO CustomerPassword (
            [CustomerID],
            [Password])
 	    VALUES(
 	        14,
            'vwi1XNRk2JzjTxCZ4ytfaYJWMwQLkylTqVYt7YiAJ5NrsdtNQPzvLZG3aXt0jKgF');

        INSERT INTO CustomerAddress (
            [AddressID],
            [StreetNum],
            [StreetName],
            [Postcode],
            [City],
            [State],
            [Country])
 	    VALUES(
            14,
 	        8733,
            'Hommose',
            '1167',
            'Bruning',
            'WA',
            'Australia');

        INSERT INTO Customer (
            [fName],
            [lName],
            [ContactNumber],
            [Email],
            [PasswordID],
            [AddressID])
 	    VALUES(
 	        'Clemmy',
            'Walley',
            '0410605135',
            'clemmy.walley@yahoo.com',
            14,
            14);

        INSERT INTO CustomerPassword (
            [CustomerID],
            [Password])
 	    VALUES(
 	        15,
            'ZtdZkQSq4bM1sChdxfy8rXGbGH1Wkbg91d5AOibKFMAB197aOZDc8kkBP5apGQYj');

        INSERT INTO CustomerAddress (
            [AddressID],
            [StreetNum],
            [StreetName],
            [Postcode],
            [City],
            [State],
            [Country])
 	    VALUES(
            15,
 	        6731,
            'Ecofrea',
            '1523',
            'Cordesville',
            'TAS',
            'Australia');

        INSERT INTO Customer (
            [fName],
            [lName],
            [ContactNumber],
            [Email],
            [PasswordID],
            [AddressID])
 	    VALUES(
 	        'Ebony',
            'Sim',
            '0440712909',
            'ebony.sim@outlook.com',
            15,
            15);

        INSERT INTO CustomerPassword (
            [CustomerID],
            [Password])
 	    VALUES(
 	        16,
            'S3tw1UGLazQJ5ljvvPr9J5ez5CfxlaumVKW9EWnLW8y79B86K484qh0wAPMJTVs1');

        INSERT INTO CustomerAddress (
            [AddressID],
            [StreetNum],
            [StreetName],
            [Postcode],
            [City],
            [State],
            [Country])
 	    VALUES(
            16,
 	        3470,
            'Emerita',
            '4673',
            'Peerless',
            'WA',
            'Australia');

        INSERT INTO Customer (
            [fName],
            [lName],
            [ContactNumber],
            [Email],
            [PasswordID],
            [AddressID])
 	    VALUES(
 	        'Esta',
            'Catto',
            '0433497129',
            'esta.catto@office365.com',
            16,
            16);

        INSERT INTO CustomerPassword (
            [CustomerID],
            [Password])
 	    VALUES(
 	        17,
            'cWBTODFnDEY8sGKPRELqdV6LSe5JI3Wqn7NRLzlKibmqf37xox5uYemqfGFeNRcH');

        INSERT INTO CustomerAddress (
            [AddressID],
            [StreetNum],
            [StreetName],
            [Postcode],
            [City],
            [State],
            [Country])
 	    VALUES(
            17,
 	        396,
            'Clunk',
            '2871',
            'Shiro',
            'ACT',
            'Australia');

        INSERT INTO Customer (
            [fName],
            [lName],
            [ContactNumber],
            [Email],
            [PasswordID],
            [AddressID])
 	    VALUES(
 	        'Kerry',
            'Jaenicke',
            '0403063374',
            'kerry.jaenicke@icloud.com',
            17,
            17);

        INSERT INTO CustomerPassword (
            [CustomerID],
            [Password])
 	    VALUES(
 	        18,
            '7roZjN0LyUhjVkhiwWrwMy9PQTX7CrfCNsetzzoMAvYhslIgiplDQ0muBex6hJ1W');

        INSERT INTO CustomerAddress (
            [AddressID],
            [StreetNum],
            [StreetName],
            [Postcode],
            [City],
            [State],
            [Country])
 	    VALUES(
            18,
 	        8243,
            'Tylosi',
            '8569',
            'Alleene',
            'ACT',
            'Australia');

        INSERT INTO Customer (
            [fName],
            [lName],
            [ContactNumber],
            [Email],
            [PasswordID],
            [AddressID])
 	    VALUES(
 	        'Tammie',
            'Lebar',
            '0410704430',
            'tammie.lebar@mail.com',
            18,
            18);

        INSERT INTO CustomerPassword (
            [CustomerID],
            [Password])
 	    VALUES(
 	        19,
            'ePaDaNvnHzZ9VMW4v4Hm8c0O7v1laNpWbm6B9f10DL8c1muduPVzvikBYlX4Uk2D');

        INSERT INTO CustomerAddress (
            [AddressID],
            [StreetNum],
            [StreetName],
            [Postcode],
            [City],
            [State],
            [Country])
 	    VALUES(
            19,
 	        3514,
            'Vitric',
            '8948',
            'Cabery',
            'VIC',
            'Australia');

        INSERT INTO Customer (
            [fName],
            [lName],
            [ContactNumber],
            [Email],
            [PasswordID],
            [AddressID])
 	    VALUES(
 	        'Letty',
            'Say',
            '0463524877',
            'letty.say@icloud.com',
            19,
            19);

        INSERT INTO CustomerPassword (
            [CustomerID],
            [Password])
 	    VALUES(
 	        20,
            'xdNxvI64MiVHAFUIKtrOM9cSCSW9hfmxxPr0uD4zIWE9n25w5HVrUlcPtMOUnVCA');

        INSERT INTO CustomerAddress (
            [AddressID],
            [StreetNum],
            [StreetName],
            [Postcode],
            [City],
            [State],
            [Country])
 	    VALUES(
            20,
 	        4673,
            'Endnote',
            '1675',
            'Steinauer',
            'QLD',
            'Australia');

        INSERT INTO Customer (
            [fName],
            [lName],
            [ContactNumber],
            [Email],
            [PasswordID],
            [AddressID])
 	    VALUES(
 	        'Chelsea',
            'Fattal',
            '0417519449',
            'chelsea.fattal@office365.com',
            20,
            20);

        INSERT INTO CustomerPassword (
            [CustomerID],
            [Password])
 	    VALUES(
 	        21,
            'ugrCBkHMtfp9rtNkgdaNHytgJtJgvtYXETfpko7zHm4k0H9o2Xbm1oaPnrrZoWnM');

        INSERT INTO CustomerAddress (
            [AddressID],
            [StreetNum],
            [StreetName],
            [Postcode],
            [City],
            [State],
            [Country])
 	    VALUES(
            21,
 	        5569,
            'Boreen',
            '9364',
            'Burkesville',
            'NSW',
            'Australia');

        INSERT INTO Customer (
            [fName],
            [lName],
            [ContactNumber],
            [Email],
            [PasswordID],
            [AddressID])
 	    VALUES(
 	        'Evangelina',
            'Hiller',
            '0498126816',
            'evangelina.hiller@yandex.com',
            21,
            21);

        INSERT INTO CustomerPassword (
            [CustomerID],
            [Password])
 	    VALUES(
 	        22,
            'SVSazOEbusKA1aCIlS6HtDcv7I23NSVdckBA7Rk6enKyZVF86ehrSWGOrM2JSMts');

        INSERT INTO CustomerAddress (
            [AddressID],
            [StreetNum],
            [StreetName],
            [Postcode],
            [City],
            [State],
            [Country])
 	    VALUES(
            22,
 	        8431,
            'Haggad',
            '9644',
            'Yellowstone',
            'SA',
            'Australia');

        INSERT INTO Customer (
            [fName],
            [lName],
            [ContactNumber],
            [Email],
            [PasswordID],
            [AddressID])
 	    VALUES(
 	        'Eugenie',
            'Kermie',
            '0405101834',
            'eugenie.kermie@yandex.com',
            22,
            22);

        INSERT INTO CustomerPassword (
            [CustomerID],
            [Password])
 	    VALUES(
 	        23,
            'bg0V5JbvF3OUMPcLVtULLhBFg6O90unu5qHFSpU8o49J87cZas2ueVefcnquwS4k');

        INSERT INTO CustomerAddress (
            [AddressID],
            [StreetNum],
            [StreetName],
            [Postcode],
            [City],
            [State],
            [Country])
 	    VALUES(
            23,
 	        6195,
            'Claustr',
            '7772',
            'Haddam',
            'ACT',
            'Australia');

        INSERT INTO Customer (
            [fName],
            [lName],
            [ContactNumber],
            [Email],
            [PasswordID],
            [AddressID])
 	    VALUES(
 	        'Lira',
            'Jovita',
            '0481172298',
            'lira.jovita@aol.com',
            23,
            23);

        INSERT INTO CustomerPassword (
            [CustomerID],
            [Password])
 	    VALUES(
 	        24,
            '9iU7xbX7InZGijz413kPQngK0ZH9xaHewKQlySpdFfUVN38QiDcQ7XNJgfCma8Hx');

        INSERT INTO CustomerAddress (
            [AddressID],
            [StreetNum],
            [StreetName],
            [Postcode],
            [City],
            [State],
            [Country])
 	    VALUES(
            24,
 	        788,
            'Azlon',
            '4249',
            'Mauriceville',
            'SA',
            'Australia');

        INSERT INTO Customer (
            [fName],
            [lName],
            [ContactNumber],
            [Email],
            [PasswordID],
            [AddressID])
 	    VALUES(
 	        'Jo',
            'Barron',
            '0471330463',
            'jo.barron@mail.com',
            24,
            24);

        INSERT INTO CustomerPassword (
            [CustomerID],
            [Password])
 	    VALUES(
 	        25,
            'CdwQZGCCxaXXI5Kb91oumMezpBrdQAlzCvnarR9dLzeNaqDvZACKDN1IoMwTSrXX');

        INSERT INTO CustomerAddress (
            [AddressID],
            [StreetNum],
            [StreetName],
            [Postcode],
            [City],
            [State],
            [Country])
 	    VALUES(
            25,
 	        2835,
            'Startup',
            '1576',
            'Anmoore',
            'TAS',
            'Australia');

        INSERT INTO Customer (
            [fName],
            [lName],
            [ContactNumber],
            [Email],
            [PasswordID],
            [AddressID])
 	    VALUES(
 	        'Dagmar',
            'Aubine',
            '0458431797',
            'dagmar.aubine@office365.com',
            25,
            25);

        INSERT INTO CustomerPassword (
            [CustomerID],
            [Password])
 	    VALUES(
 	        26,
            'STsfTtbNYmLSPfstcSWqdy0x1Z5IHHdjhPSn4R2917S6aWG8nQ5WMf2eSjc9Sbuk');

        INSERT INTO CustomerAddress (
            [AddressID],
            [StreetNum],
            [StreetName],
            [Postcode],
            [City],
            [State],
            [Country])
 	    VALUES(
            26,
 	        9610,
            'Casbah',
            '4308',
            'Helfenstein',
            'QLD',
            'Australia');

        INSERT INTO Customer (
            [fName],
            [lName],
            [ContactNumber],
            [Email],
            [PasswordID],
            [AddressID])
 	    VALUES(
 	        'Misti',
            'Lolita',
            '0459499434',
            'misti.lolita@aol.com',
            26,
            26);

        INSERT INTO CustomerPassword (
            [CustomerID],
            [Password])
 	    VALUES(
 	        27,
            'v1A8w9UI7amnNTRYVPEs5EqEQugYDOUziWbWQ1mXoNEJRt00oLVHd4qDE1buVmNG');

        INSERT INTO CustomerAddress (
            [AddressID],
            [StreetNum],
            [StreetName],
            [Postcode],
            [City],
            [State],
            [Country])
 	    VALUES(
            27,
 	        5191,
            'Shithea',
            '1600',
            'Benarnold',
            'WA',
            'Australia');

        INSERT INTO Customer (
            [fName],
            [lName],
            [ContactNumber],
            [Email],
            [PasswordID],
            [AddressID])
 	    VALUES(
 	        'Midge',
            'Quintina',
            '0412779008',
            'midge.quintina@office365.com',
            27,
            27);

        INSERT INTO CustomerPassword (
            [CustomerID],
            [Password])
 	    VALUES(
 	        28,
            'ObWI0iHVHXBpJcALdM7p4lQOPXDQZmZ5vPDxOUg0leGT9AvO5zLChZ3oMf7StyKf');

        INSERT INTO CustomerAddress (
            [AddressID],
            [StreetNum],
            [StreetName],
            [Postcode],
            [City],
            [State],
            [Country])
 	    VALUES(
            28,
 	        7975,
            'Panmixe',
            '9459',
            'Deerbrook',
            'TAS',
            'Australia');

        INSERT INTO Customer (
            [fName],
            [lName],
            [ContactNumber],
            [Email],
            [PasswordID],
            [AddressID])
 	    VALUES(
 	        'Nydia',
            'Miki',
            '0489802480',
            'nydia.miki@inbox.com',
            28,
            28);

        INSERT INTO CustomerPassword (
            [CustomerID],
            [Password])
 	    VALUES(
 	        29,
            'aaQLHGhR4iDAcJ9WukqjiK6dVflvvtAMDbbnWjK18z9OmzxRhe5M004M4GPydDci');

        INSERT INTO CustomerAddress (
            [AddressID],
            [StreetNum],
            [StreetName],
            [Postcode],
            [City],
            [State],
            [Country])
 	    VALUES(
            29,
 	        7883,
            'Cooco',
            '8624',
            'Malott',
            'QLD',
            'Australia');

        INSERT INTO Customer (
            [fName],
            [lName],
            [ContactNumber],
            [Email],
            [PasswordID],
            [AddressID])
 	    VALUES(
 	        'Ange',
            'Jorgensen',
            '0429608035',
            'ange.jorgensen@icloud.com',
            29,
            29);

        INSERT INTO CustomerPassword (
            [CustomerID],
            [Password])
 	    VALUES(
 	        30,
            'CKNrSgPGhGVs73iejHifBKw7OXksL1k0FuOnY734Q2r2Jd9qTdQOZTbYPhVW0HMk');

        INSERT INTO CustomerAddress (
            [AddressID],
            [StreetNum],
            [StreetName],
            [Postcode],
            [City],
            [State],
            [Country])
 	    VALUES(
            30,
 	        1271,
            'Airtime',
            '8168',
            'Andale',
            'VIC',
            'Australia');

        INSERT INTO Customer (
            [fName],
            [lName],
            [ContactNumber],
            [Email],
            [PasswordID],
            [AddressID])
 	    VALUES(
 	        'Jacquenetta',
            'Charmane',
            '0455286245',
            'jacquenetta.charmane@gmail.com',
            30,
            30);

        INSERT INTO CustomerPassword (
            [CustomerID],
            [Password])
 	    VALUES(
 	        31,
            'ktEwtAMguroJobJvoveku8FFcD1PfPgPd5t5GRJ9J229BI3EA8PRo4H9lbughYKI');

        INSERT INTO CustomerAddress (
            [AddressID],
            [StreetNum],
            [StreetName],
            [Postcode],
            [City],
            [State],
            [Country])
 	    VALUES(
            31,
 	        2331,
            'Dapsone',
            '6703',
            'Onia',
            'ACT',
            'Australia');

        INSERT INTO Customer (
            [fName],
            [lName],
            [ContactNumber],
            [Email],
            [PasswordID],
            [AddressID])
 	    VALUES(
 	        'Mada',
            'Ronica',
            '0475243519',
            'mada.ronica@mail.com',
            31,
            31);

        INSERT INTO CustomerPassword (
            [CustomerID],
            [Password])
 	    VALUES(
 	        32,
            'aFz6kk5Gfwzmxgb9VtLHqw5lyDWi0ywk8WQt8TsAys1uhpwJdl5q1lerP2u5nLdd');

        INSERT INTO CustomerAddress (
            [AddressID],
            [StreetNum],
            [StreetName],
            [Postcode],
            [City],
            [State],
            [Country])
 	    VALUES(
            32,
 	        6720,
            'Luge',
            '9065',
            'Faxon',
            'QLD',
            'Australia');

        INSERT INTO Customer (
            [fName],
            [lName],
            [ContactNumber],
            [Email],
            [PasswordID],
            [AddressID])
 	    VALUES(
 	        'Halie',
            'Kopple',
            '0494031245',
            'halie.kopple@mail.com',
            32,
            32);

        INSERT INTO CustomerPassword (
            [CustomerID],
            [Password])
 	    VALUES(
 	        33,
            'F0ApHgBmTXkGaeYF5kXoJcHOBc1IngUf3yVEHF2yFi0C9CGFCHQmUnZAvHt3qPLP');

        INSERT INTO CustomerAddress (
            [AddressID],
            [StreetNum],
            [StreetName],
            [Postcode],
            [City],
            [State],
            [Country])
 	    VALUES(
            33,
 	        7103,
            'Dodge',
            '1332',
            'Grinnell',
            'TAS',
            'Australia');

        INSERT INTO Customer (
            [fName],
            [lName],
            [ContactNumber],
            [Email],
            [PasswordID],
            [AddressID])
 	    VALUES(
 	        'Tamarra',
            'Fogel',
            '0449184884',
            'tamarra.fogel@mail.com',
            33,
            33);

        INSERT INTO CustomerPassword (
            [CustomerID],
            [Password])
 	    VALUES(
 	        34,
            'fGXNVkYo3No00Xlg3Yv2NegxLeMIjQ60UEPM8cp3nnm8r2UTos6boeCShkng1eMk');

        INSERT INTO CustomerAddress (
            [AddressID],
            [StreetNum],
            [StreetName],
            [Postcode],
            [City],
            [State],
            [Country])
 	    VALUES(
            34,
 	        9969,
            'Isograf',
            '4986',
            'Chana',
            'TAS',
            'Australia');

        INSERT INTO Customer (
            [fName],
            [lName],
            [ContactNumber],
            [Email],
            [PasswordID],
            [AddressID])
 	    VALUES(
 	        'Evita',
            'Armillia',
            '0489346064',
            'evita.armillia@mail.com',
            34,
            34);

        INSERT INTO CustomerPassword (
            [CustomerID],
            [Password])
 	    VALUES(
 	        35,
            'I7FdfZ0kc500jM8Zv5YVTAkFOmeoAO1ifrgIPbIUKZC0f4tbObef2gtobgrIoTpG');

        INSERT INTO CustomerAddress (
            [AddressID],
            [StreetNum],
            [StreetName],
            [Postcode],
            [City],
            [State],
            [Country])
 	    VALUES(
            35,
 	        2441,
            'Hokil',
            '7536',
            'Reading',
            'VIC',
            'Australia');

        INSERT INTO Customer (
            [fName],
            [lName],
            [ContactNumber],
            [Email],
            [PasswordID],
            [AddressID])
 	    VALUES(
 	        'Tybie',
            'Stevens',
            '0428337490',
            'tybie.stevens@mail.com',
            35,
            35);

        INSERT INTO CustomerPassword (
            [CustomerID],
            [Password])
 	    VALUES(
 	        36,
            '8TlXfyumk5cLbNLIEpuRbynTxwZ1fJG2EIglGGZjBmL4sD5hINWAfeK88BFa6CXA');

        INSERT INTO CustomerAddress (
            [AddressID],
            [StreetNum],
            [StreetName],
            [Postcode],
            [City],
            [State],
            [Country])
 	    VALUES(
            36,
 	        7017,
            'Dustof',
            '1783',
            'Headrick',
            'ACT',
            'Australia');

        INSERT INTO Customer (
            [fName],
            [lName],
            [ContactNumber],
            [Email],
            [PasswordID],
            [AddressID])
 	    VALUES(
 	        'Doll',
            'Lindemann',
            '0492765602',
            'doll.lindemann@outlook.com',
            36,
            36);

        INSERT INTO CustomerPassword (
            [CustomerID],
            [Password])
 	    VALUES(
 	        37,
            'l5eDsBF4y7OEHJcz4zz7GjKF2Lc9XTbqtTcyPs5tybVSj53b53CPoRjQVT6d2f7J');

        INSERT INTO CustomerAddress (
            [AddressID],
            [StreetNum],
            [StreetName],
            [Postcode],
            [City],
            [State],
            [Country])
 	    VALUES(
            37,
 	        2015,
            'Shiatzu',
            '5531',
            'Hoquiam',
            'WA',
            'Australia');

        INSERT INTO Customer (
            [fName],
            [lName],
            [ContactNumber],
            [Email],
            [PasswordID],
            [AddressID])
 	    VALUES(
 	        'Jocelyne',
            'Devonne',
            '0458389341',
            'jocelyne.devonne@icloud.com',
            37,
            37);

        INSERT INTO CustomerPassword (
            [CustomerID],
            [Password])
 	    VALUES(
 	        38,
            '2aEeVrQhXRRRAdzCLOMev1v9yVOgVWysDubTX4NPjQkGVI2bZG3qZP5oaX3wm4YM');

        INSERT INTO CustomerAddress (
            [AddressID],
            [StreetNum],
            [StreetName],
            [Postcode],
            [City],
            [State],
            [Country])
 	    VALUES(
            38,
 	        8886,
            'Pretape',
            '2911',
            'Mansfield',
            'NT',
            'Australia');

        INSERT INTO Customer (
            [fName],
            [lName],
            [ContactNumber],
            [Email],
            [PasswordID],
            [AddressID])
 	    VALUES(
 	        'Billi',
            'Malvino',
            '0452861508',
            'billi.malvino@uon.edu.au',
            38,
            38);

        INSERT INTO CustomerPassword (
            [CustomerID],
            [Password])
 	    VALUES(
 	        39,
            'KZVnyzRoQq66ocHWKmPMClH4eA87G3M0CQC7qvhF75eizyIgxNGTurw9iba4jZTx');

        INSERT INTO CustomerAddress (
            [AddressID],
            [StreetNum],
            [StreetName],
            [Postcode],
            [City],
            [State],
            [Country])
 	    VALUES(
            39,
 	        928,
            'Scramje',
            '1130',
            'Tacna',
            'TAS',
            'Australia');

        INSERT INTO Customer (
            [fName],
            [lName],
            [ContactNumber],
            [Email],
            [PasswordID],
            [AddressID])
 	    VALUES(
 	        'Jennica',
            'Oakleil',
            '0401971987',
            'jennica.oakleil@mail.com',
            39,
            39);

        INSERT INTO CustomerPassword (
            [CustomerID],
            [Password])
 	    VALUES(
 	        40,
            'VXxajIKNmM3QjijkwrnzOlsDDBGxJYaIxWMmpHNywRhPVInyKbP6j0vtW4QQ2o6x');

        INSERT INTO CustomerAddress (
            [AddressID],
            [StreetNum],
            [StreetName],
            [Postcode],
            [City],
            [State],
            [Country])
 	    VALUES(
            40,
 	        6451,
            'Wacko',
            '9115',
            'Wausau',
            'QLD',
            'Australia');

        INSERT INTO Customer (
            [fName],
            [lName],
            [ContactNumber],
            [Email],
            [PasswordID],
            [AddressID])
 	    VALUES(
 	        'Una',
            'Burnett',
            '0491174498',
            'una.burnett@icloud.com',
            40,
            40);

        INSERT INTO CustomerPassword (
            [CustomerID],
            [Password])
 	    VALUES(
 	        41,
            'dikpk9OGkzW3lRZwoZnOEVn1aCvMpLIv1gGE6oeTOPOpERbaQd26BG6BXfZjw4kT');

        INSERT INTO CustomerAddress (
            [AddressID],
            [StreetNum],
            [StreetName],
            [Postcode],
            [City],
            [State],
            [Country])
 	    VALUES(
            41,
 	        3014,
            'Resculp',
            '1612',
            'Glenjean',
            'NSW',
            'Australia');

        INSERT INTO Customer (
            [fName],
            [lName],
            [ContactNumber],
            [Email],
            [PasswordID],
            [AddressID])
 	    VALUES(
 	        'Val',
            'Kalagher',
            '0485301744',
            'val.kalagher@gmail.com',
            41,
            41);

        INSERT INTO CustomerPassword (
            [CustomerID],
            [Password])
 	    VALUES(
 	        42,
            'EGkQelo3gQAobsCEEczH2wT9eRbgAvDcuonlMSuQ7gLhhGSLjGwou346aUjnG6LZ');

        INSERT INTO CustomerAddress (
            [AddressID],
            [StreetNum],
            [StreetName],
            [Postcode],
            [City],
            [State],
            [Country])
 	    VALUES(
            42,
 	        8759,
            'Tubais',
            '7112',
            'Loami',
            'QLD',
            'Australia');

        INSERT INTO Customer (
            [fName],
            [lName],
            [ContactNumber],
            [Email],
            [PasswordID],
            [AddressID])
 	    VALUES(
 	        'Ariel',
            'Wiburg',
            '0477360676',
            'ariel.wiburg@outlook.com',
            42,
            42);

        INSERT INTO CustomerPassword (
            [CustomerID],
            [Password])
 	    VALUES(
 	        43,
            'iZJgwIxA8WN41Xc1158dYh20BiiWEnK2seGgMHNwbRUjQ7NErDqAJxLAYCF4jddq');

        INSERT INTO CustomerAddress (
            [AddressID],
            [StreetNum],
            [StreetName],
            [Postcode],
            [City],
            [State],
            [Country])
 	    VALUES(
            43,
 	        3062,
            'Zoophob',
            '1828',
            'Mcclusky',
            'VIC',
            'Australia');

        INSERT INTO Customer (
            [fName],
            [lName],
            [ContactNumber],
            [Email],
            [PasswordID],
            [AddressID])
 	    VALUES(
 	        'Noni',
            'Alcott',
            '0455146239',
            'noni.alcott@icloud.com',
            43,
            43);

        INSERT INTO CustomerPassword (
            [CustomerID],
            [Password])
 	    VALUES(
 	        44,
            'nbm03esQRHkEJJLY8y9dVKXlQCeIOtiZyTRsC4h9bbUbg5Q71daIHLQ46kAgE0VI');

        INSERT INTO CustomerAddress (
            [AddressID],
            [StreetNum],
            [StreetName],
            [Postcode],
            [City],
            [State],
            [Country])
 	    VALUES(
            44,
 	        4966,
            'Foxtro',
            '5467',
            'Painesdale',
            'WA',
            'Australia');

        INSERT INTO Customer (
            [fName],
            [lName],
            [ContactNumber],
            [Email],
            [PasswordID],
            [AddressID])
 	    VALUES(
 	        'Ivett',
            'Armalda',
            '0499360568',
            'ivett.armalda@mail.com',
            44,
            44);

        INSERT INTO CustomerPassword (
            [CustomerID],
            [Password])
 	    VALUES(
 	        45,
            'ERVfhV3JgMbFuBZrTTNQbfTfg9ykfJiPYh0CTTkD9iU1h0YrLQjA0sLoS15PzTeO');

        INSERT INTO CustomerAddress (
            [AddressID],
            [StreetNum],
            [StreetName],
            [Postcode],
            [City],
            [State],
            [Country])
 	    VALUES(
            45,
 	        5841,
            'Sockles',
            '9636',
            'Hoxie',
            'SA',
            'Australia');

        INSERT INTO Customer (
            [fName],
            [lName],
            [ContactNumber],
            [Email],
            [PasswordID],
            [AddressID])
 	    VALUES(
 	        'Gayleen',
            'Uball',
            '0492428202',
            'gayleen.uball@office365.com',
            45,
            45);

        INSERT INTO CustomerPassword (
            [CustomerID],
            [Password])
 	    VALUES(
 	        46,
            'fFUElVj8hcrtAFtVkAnK8yEpbA7v8eRmmmEsCrZvvHCIbhKu00veqietRGOalgoG');

        INSERT INTO CustomerAddress (
            [AddressID],
            [StreetNum],
            [StreetName],
            [Postcode],
            [City],
            [State],
            [Country])
 	    VALUES(
            46,
 	        4223,
            'Sokol',
            '3658',
            'Haynesville',
            'VIC',
            'Australia');

        INSERT INTO Customer (
            [fName],
            [lName],
            [ContactNumber],
            [Email],
            [PasswordID],
            [AddressID])
 	    VALUES(
 	        'Augusta',
            'Champaigne',
            '0489545240',
            'augusta.champaigne@icloud.com',
            46,
            46);

        INSERT INTO CustomerPassword (
            [CustomerID],
            [Password])
 	    VALUES(
 	        47,
            'LedgO2pp57ddjdzzJu6NlnAUuGKVzqzhf7Y52TyMsGQgLwzQrHUjdiFK9sSyxRyB');

        INSERT INTO CustomerAddress (
            [AddressID],
            [StreetNum],
            [StreetName],
            [Postcode],
            [City],
            [State],
            [Country])
 	    VALUES(
            47,
 	        3077,
            'Rebough',
            '1976',
            'Whiteside',
            'QLD',
            'Australia');

        INSERT INTO Customer (
            [fName],
            [lName],
            [ContactNumber],
            [Email],
            [PasswordID],
            [AddressID])
 	    VALUES(
 	        'Lexine',
            'Elspet',
            '0426524019',
            'lexine.elspet@yandex.com',
            47,
            47);

        INSERT INTO CustomerPassword (
            [CustomerID],
            [Password])
 	    VALUES(
 	        48,
            '5rWVTFDteR5lv4KxkYq7PG21NtYW9DEId6Sc0XOhXzJOSmLuzVpXfAkiiUmgRwfh');

        INSERT INTO CustomerAddress (
            [AddressID],
            [StreetNum],
            [StreetName],
            [Postcode],
            [City],
            [State],
            [Country])
 	    VALUES(
            48,
 	        9228,
            'Gruyere',
            '3983',
            'Jessup',
            'VIC',
            'Australia');

        INSERT INTO Customer (
            [fName],
            [lName],
            [ContactNumber],
            [Email],
            [PasswordID],
            [AddressID])
 	    VALUES(
 	        'Marga',
            'Evelin',
            '0438225211',
            'marga.evelin@mail.com',
            48,
            48);

        INSERT INTO CustomerPassword (
            [CustomerID],
            [Password])
 	    VALUES(
 	        49,
            '1w5c3x0Cgm5EBAfRRUHs9FnQ3RSy8DuyUZzXlWjhrEYHTR6vVpZd1ZtkUAk77wW8');

        INSERT INTO CustomerAddress (
            [AddressID],
            [StreetNum],
            [StreetName],
            [Postcode],
            [City],
            [State],
            [Country])
 	    VALUES(
            49,
 	        9332,
            'Bribee',
            '1319',
            'Keokuk',
            'TAS',
            'Australia');

        INSERT INTO Customer (
            [fName],
            [lName],
            [ContactNumber],
            [Email],
            [PasswordID],
            [AddressID])
 	    VALUES(
 	        'Liliane',
            'Margalit',
            '0429447531',
            'liliane.margalit@inbox.com',
            49,
            49);

        INSERT INTO CustomerPassword (
            [CustomerID],
            [Password])
 	    VALUES(
 	        50,
            'VHdMn9CUA3eANXXizzhbdEEKUFzDcxB4T9TofsteWbXjYpWPM6rTLu6hS45ZKWgl');

        INSERT INTO CustomerAddress (
            [AddressID],
            [StreetNum],
            [StreetName],
            [Postcode],
            [City],
            [State],
            [Country])
 	    VALUES(
            50,
 	        8476,
            'Gentrif',
            '1387',
            'Cohutta',
            'VIC',
            'Australia');

        INSERT INTO Customer (
            [fName],
            [lName],
            [ContactNumber],
            [Email],
            [PasswordID],
            [AddressID])
 	    VALUES(
 	        'Dolorita',
            'Cathee',
            '0400254767',
            'dolorita.cathee@office365.com',
            50,
            50);

        INSERT INTO CustomerPassword (
            [CustomerID],
            [Password])
 	    VALUES(
 	        51,
            'ZFi3jFx2VaFwUUDMLq0659Lo4b3a9ymjw2Qc8IHsBjtik0rmj9TLP3kwOFjnYz1E');

        INSERT INTO CustomerAddress (
            [AddressID],
            [StreetNum],
            [StreetName],
            [Postcode],
            [City],
            [State],
            [Country])
 	    VALUES(
            51,
 	        2755,
            'Soymil',
            '6056',
            'Craigmont',
            'VIC',
            'Australia');

        INSERT INTO Customer (
            [fName],
            [lName],
            [ContactNumber],
            [Email],
            [PasswordID],
            [AddressID])
 	    VALUES(
 	        'Brittney',
            'Krasner',
            '0465559324',
            'brittney.krasner@gmail.com',
            51,
            51);

        INSERT INTO CustomerPassword (
            [CustomerID],
            [Password])
 	    VALUES(
 	        52,
            'ledYqVufyytKQm3rAm2jSNtIXJyWJfOvw0dv420Kd4r68OjeO0giRR96MPcYNw1M');

        INSERT INTO CustomerAddress (
            [AddressID],
            [StreetNum],
            [StreetName],
            [Postcode],
            [City],
            [State],
            [Country])
 	    VALUES(
            52,
 	        5190,
            'Reroofe',
            '4968',
            'Sargentville',
            'NT',
            'Australia');

        INSERT INTO Customer (
            [fName],
            [lName],
            [ContactNumber],
            [Email],
            [PasswordID],
            [AddressID])
 	    VALUES(
 	        'Lanita',
            'Diarmid',
            '0463370101',
            'lanita.diarmid@mail.com',
            52,
            52);

        INSERT INTO CustomerPassword (
            [CustomerID],
            [Password])
 	    VALUES(
 	        53,
            'aYgkjIlOHwuKiWf8srMEJb3XsfRqhOk3cMjj63VZQXVdpwwVwcqtXa2qvATxKsqg');

        INSERT INTO CustomerAddress (
            [AddressID],
            [StreetNum],
            [StreetName],
            [Postcode],
            [City],
            [State],
            [Country])
 	    VALUES(
            53,
 	        6435,
            'Caplet',
            '2629',
            'Herrings',
            'NSW',
            'Australia');

        INSERT INTO Customer (
            [fName],
            [lName],
            [ContactNumber],
            [Email],
            [PasswordID],
            [AddressID])
 	    VALUES(
 	        'Winnah',
            'Yseulte',
            '0491544375',
            'winnah.yseulte@outlook.com',
            53,
            53);

        INSERT INTO CustomerPassword (
            [CustomerID],
            [Password])
 	    VALUES(
 	        54,
            'aH4tlZ88QO3AEVzqrfpxce6kFPuFxvh3gQSOJUEC0aPX8KYnPAV3OzrYUJIm7EF2');

        INSERT INTO CustomerAddress (
            [AddressID],
            [StreetNum],
            [StreetName],
            [Postcode],
            [City],
            [State],
            [Country])
 	    VALUES(
            54,
 	        5772,
            'Shnoo',
            '9762',
            'Marengo',
            'NSW',
            'Australia');

        INSERT INTO Customer (
            [fName],
            [lName],
            [ContactNumber],
            [Email],
            [PasswordID],
            [AddressID])
 	    VALUES(
 	        'Myrle',
            'Grizelda',
            '0490419327',
            'myrle.grizelda@gmail.com',
            54,
            54);

        INSERT INTO CustomerPassword (
            [CustomerID],
            [Password])
 	    VALUES(
 	        55,
            'eMrWNyKefFCs8o6iQZaIMxqyXGK5VTaluRq7JiUOg3Uqayhu4uK74vZdhkB0NqR2');

        INSERT INTO CustomerAddress (
            [AddressID],
            [StreetNum],
            [StreetName],
            [Postcode],
            [City],
            [State],
            [Country])
 	    VALUES(
            55,
 	        586,
            'Lugein',
            '8776',
            'Lutesville',
            'ACT',
            'Australia');

        INSERT INTO Customer (
            [fName],
            [lName],
            [ContactNumber],
            [Email],
            [PasswordID],
            [AddressID])
 	    VALUES(
 	        'Issy',
            'Greta',
            '0403113032',
            'issy.greta@outlook.com',
            55,
            55);

        INSERT INTO CustomerPassword (
            [CustomerID],
            [Password])
 	    VALUES(
 	        56,
            'gaXqfuCApogI7CCMwHqm6JyudsRIrVO0z3nK0ySDqI8eFPaotnEpTFD37PMWgXDD');

        INSERT INTO CustomerAddress (
            [AddressID],
            [StreetNum],
            [StreetName],
            [Postcode],
            [City],
            [State],
            [Country])
 	    VALUES(
            56,
 	        8400,
            'Rouill',
            '6085',
            'Kirklin',
            'NT',
            'Australia');

        INSERT INTO Customer (
            [fName],
            [lName],
            [ContactNumber],
            [Email],
            [PasswordID],
            [AddressID])
 	    VALUES(
 	        'Hilda',
            'Roehm',
            '0404368713',
            'hilda.roehm@gmail.com',
            56,
            56);

        INSERT INTO CustomerPassword (
            [CustomerID],
            [Password])
 	    VALUES(
 	        57,
            'UJjewiP4AXavzOcT929erolNK7ugDgQw9fPePOdki1ZeGg6JYIVULayPglMH90n3');

        INSERT INTO CustomerAddress (
            [AddressID],
            [StreetNum],
            [StreetName],
            [Postcode],
            [City],
            [State],
            [Country])
 	    VALUES(
            57,
 	        7514,
            'Ka',
            '6768',
            'Etna',
            'QLD',
            'Australia');

        INSERT INTO Customer (
            [fName],
            [lName],
            [ContactNumber],
            [Email],
            [PasswordID],
            [AddressID])
 	    VALUES(
 	        'Cayla',
            'MacCarthy',
            '0484825928',
            'cayla.maccarthy@uon.edu.au',
            57,
            57);

        INSERT INTO CustomerPassword (
            [CustomerID],
            [Password])
 	    VALUES(
 	        58,
            'MXacoD8tGxPoV22bRuuIlgSunC4yXh3daZEu0wlY5PL42jeX4muwoITHdbhPvpi9');

        INSERT INTO CustomerAddress (
            [AddressID],
            [StreetNum],
            [StreetName],
            [Postcode],
            [City],
            [State],
            [Country])
 	    VALUES(
            58,
 	        6055,
            'Electee',
            '2111',
            'Maljamar',
            'WA',
            'Australia');

        INSERT INTO Customer (
            [fName],
            [lName],
            [ContactNumber],
            [Email],
            [PasswordID],
            [AddressID])
 	    VALUES(
 	        'Brittni',
            'Perrins',
            '0483793535',
            'brittni.perrins@aol.com',
            58,
            58);

        INSERT INTO CustomerPassword (
            [CustomerID],
            [Password])
 	    VALUES(
 	        59,
            'bwNi5qUGVSda4CtIPw88MzOIh9ia88wRLvijhVTVVD6oSgyTbg6pskwmsq5SV0HT');

        INSERT INTO CustomerAddress (
            [AddressID],
            [StreetNum],
            [StreetName],
            [Postcode],
            [City],
            [State],
            [Country])
 	    VALUES(
            59,
 	        5691,
            'Jockett',
            '4281',
            'Oakhall',
            'ACT',
            'Australia');

        INSERT INTO Customer (
            [fName],
            [lName],
            [ContactNumber],
            [Email],
            [PasswordID],
            [AddressID])
 	    VALUES(
 	        'Marion',
            'Sedgewake',
            '0431231644',
            'marion.sedgewake@outlook.com',
            59,
            59);

        INSERT INTO CustomerPassword (
            [CustomerID],
            [Password])
 	    VALUES(
 	        60,
            'y2QMADfegV0ZE70Tb4GfAfvuBfkNgPInWWH1ynMEM0e5c7NPbDpMW99Fg8Rc2xWf');

        INSERT INTO CustomerAddress (
            [AddressID],
            [StreetNum],
            [StreetName],
            [Postcode],
            [City],
            [State],
            [Country])
 	    VALUES(
            60,
 	        6816,
            'Bunraku',
            '4212',
            'Blandon',
            'WA',
            'Australia');

        INSERT INTO Customer (
            [fName],
            [lName],
            [ContactNumber],
            [Email],
            [PasswordID],
            [AddressID])
 	    VALUES(
 	        'Winona',
            'Butler',
            '0411168161',
            'winona.butler@yandex.com',
            60,
            60);

        INSERT INTO CustomerPassword (
            [CustomerID],
            [Password])
 	    VALUES(
 	        61,
            'tU1y1CZiraHyktMPYkpOvIOEGxOtK2j8WBjZLw6CBqiTdWvdEoeVCpbmFpfJTGpQ');

        INSERT INTO CustomerAddress (
            [AddressID],
            [StreetNum],
            [StreetName],
            [Postcode],
            [City],
            [State],
            [Country])
 	    VALUES(
            61,
 	        9972,
            'Paranoi',
            '1135',
            'Astatula',
            'WA',
            'Australia');

        INSERT INTO Customer (
            [fName],
            [lName],
            [ContactNumber],
            [Email],
            [PasswordID],
            [AddressID])
 	    VALUES(
 	        'Rhoda',
            'Osswald',
            '0474592895',
            'rhoda.osswald@uon.edu.au',
            61,
            61);

        INSERT INTO CustomerPassword (
            [CustomerID],
            [Password])
 	    VALUES(
 	        62,
            '0f290B4VUo3eD5PZo4O4v5fUdkRzN8wB1ZudUCDzrcF3v2Spxr06ZqEaT1cAGI75');

        INSERT INTO CustomerAddress (
            [AddressID],
            [StreetNum],
            [StreetName],
            [Postcode],
            [City],
            [State],
            [Country])
 	    VALUES(
            62,
 	        8866,
            'Zil',
            '7500',
            'Camden',
            'ACT',
            'Australia');

        INSERT INTO Customer (
            [fName],
            [lName],
            [ContactNumber],
            [Email],
            [PasswordID],
            [AddressID])
 	    VALUES(
 	        'Blondelle',
            'Behn',
            '0482065663',
            'blondelle.behn@gmail.com',
            62,
            62);

        INSERT INTO CustomerPassword (
            [CustomerID],
            [Password])
 	    VALUES(
 	        63,
            '0rmq7iETvMIslm6QX5cvbTfRjNiEEIO8QtwUxpnkI2w1lMDbTRXGSOFoE3ORAUjb');

        INSERT INTO CustomerAddress (
            [AddressID],
            [StreetNum],
            [StreetName],
            [Postcode],
            [City],
            [State],
            [Country])
 	    VALUES(
            63,
 	        4037,
            'Tinkle',
            '6846',
            'Breinigsville',
            'ACT',
            'Australia');

        INSERT INTO Customer (
            [fName],
            [lName],
            [ContactNumber],
            [Email],
            [PasswordID],
            [AddressID])
 	    VALUES(
 	        'Pepi',
            'Kumagai',
            '0439542570',
            'pepi.kumagai@mail.com',
            63,
            63);

        INSERT INTO CustomerPassword (
            [CustomerID],
            [Password])
 	    VALUES(
 	        64,
            'NlEDRfISDzU74oZ6lgWDoKNSYYz1ixJJvSH35GfESkRulv9d5HC5oMMdNMLNxUES');

        INSERT INTO CustomerAddress (
            [AddressID],
            [StreetNum],
            [StreetName],
            [Postcode],
            [City],
            [State],
            [Country])
 	    VALUES(
            64,
 	        1582,
            'Kele',
            '1167',
            'Redan',
            'QLD',
            'Australia');

        INSERT INTO Customer (
            [fName],
            [lName],
            [ContactNumber],
            [Email],
            [PasswordID],
            [AddressID])
 	    VALUES(
 	        'Agata',
            'Alli',
            '0423252888',
            'agata.alli@yandex.com',
            64,
            64);

        INSERT INTO CustomerPassword (
            [CustomerID],
            [Password])
 	    VALUES(
 	        65,
            'dlx6YVTqJIQJRp3rLmqpVuznKrAzv5GAvOUEkplOwrEXz45p21qBOwNjQ54khhjw');

        INSERT INTO CustomerAddress (
            [AddressID],
            [StreetNum],
            [StreetName],
            [Postcode],
            [City],
            [State],
            [Country])
 	    VALUES(
            65,
 	        512,
            'Collage',
            '1639',
            'Armagh',
            'NT',
            'Australia');

        INSERT INTO Customer (
            [fName],
            [lName],
            [ContactNumber],
            [Email],
            [PasswordID],
            [AddressID])
 	    VALUES(
 	        'Gale',
            'Thetes',
            '0450206841',
            'gale.thetes@icloud.com',
            65,
            65);

        INSERT INTO CustomerPassword (
            [CustomerID],
            [Password])
 	    VALUES(
 	        66,
            'rdSQQq6f2dbo4wZurgsPQw9itWiqV3RJhiieAkmAfMEqNUilMUcO6bGwos62gg7C');

        INSERT INTO CustomerAddress (
            [AddressID],
            [StreetNum],
            [StreetName],
            [Postcode],
            [City],
            [State],
            [Country])
 	    VALUES(
            66,
 	        4582,
            'Boathoo',
            '7135',
            'Woodlyn',
            'NSW',
            'Australia');

        INSERT INTO Customer (
            [fName],
            [lName],
            [ContactNumber],
            [Email],
            [PasswordID],
            [AddressID])
 	    VALUES(
 	        'Karrie',
            'Lardner',
            '0401650452',
            'karrie.lardner@yandex.com',
            66,
            66);

        INSERT INTO CustomerPassword (
            [CustomerID],
            [Password])
 	    VALUES(
 	        67,
            'hCwQkAdalRfbCkkyATjtB9XlP2RcRiFo7SLt0pUBd0WkWIMSehXqS8tOiP2kZPB2');

        INSERT INTO CustomerAddress (
            [AddressID],
            [StreetNum],
            [StreetName],
            [Postcode],
            [City],
            [State],
            [Country])
 	    VALUES(
            67,
 	        87,
            'Dicties',
            '5601',
            'Esmond',
            'QLD',
            'Australia');

        INSERT INTO Customer (
            [fName],
            [lName],
            [ContactNumber],
            [Email],
            [PasswordID],
            [AddressID])
 	    VALUES(
 	        'Tressa',
            'Caro',
            '0405809802',
            'tressa.caro@aol.com',
            67,
            67);

        INSERT INTO CustomerPassword (
            [CustomerID],
            [Password])
 	    VALUES(
 	        68,
            'f6PMoE0Uo3kUhl94Iw8UCuAZ4Pd7ZEerAlgWdMFuFoaKqpIGwiR7ZJfIBnQqy8mh');

        INSERT INTO CustomerAddress (
            [AddressID],
            [StreetNum],
            [StreetName],
            [Postcode],
            [City],
            [State],
            [Country])
 	    VALUES(
            68,
 	        1945,
            'Comi',
            '6806',
            'Hulett',
            'VIC',
            'Australia');

        INSERT INTO Customer (
            [fName],
            [lName],
            [ContactNumber],
            [Email],
            [PasswordID],
            [AddressID])
 	    VALUES(
 	        'Arleta',
            'Sweyn',
            '0467526950',
            'arleta.sweyn@office365.com',
            68,
            68);

        INSERT INTO CustomerPassword (
            [CustomerID],
            [Password])
 	    VALUES(
 	        69,
            'CfVXPbRNjydUwG7hQirtM7TvfieOpjNzkCdHDsYy6Qo4XqEagGAoK4pVDLejdOqh');

        INSERT INTO CustomerAddress (
            [AddressID],
            [StreetNum],
            [StreetName],
            [Postcode],
            [City],
            [State],
            [Country])
 	    VALUES(
            69,
 	        6855,
            'Astigmia',
            '1471',
            'Venturia',
            'QLD',
            'Australia');

        INSERT INTO Customer (
            [fName],
            [lName],
            [ContactNumber],
            [Email],
            [PasswordID],
            [AddressID])
 	    VALUES(
 	        'Colene',
            'Snell',
            '0436041756',
            'colene.snell@gmail.com',
            69,
            69);

        INSERT INTO CustomerPassword (
            [CustomerID],
            [Password])
 	    VALUES(
 	        70,
            'NflJY7qWhWEEbT7nadpFC0I9ZS8oGubK2hrRZv80ZgARA50inSuDxTSYYWmS6iCv');

        INSERT INTO CustomerAddress (
            [AddressID],
            [StreetNum],
            [StreetName],
            [Postcode],
            [City],
            [State],
            [Country])
 	    VALUES(
            70,
 	        9358,
            'Synfuel',
            '8211',
            'Umatilla',
            'WA',
            'Australia');

        INSERT INTO Customer (
            [fName],
            [lName],
            [ContactNumber],
            [Email],
            [PasswordID],
            [AddressID])
 	    VALUES(
 	        'Nellie',
            'Bounds',
            '0427128693',
            'nellie.bounds@outlook.com',
            70,
            70);

        INSERT INTO CustomerPassword (
            [CustomerID],
            [Password])
 	    VALUES(
 	        71,
            'SjphU16xSCnfxSyt1ghIIpzGDQNPucQg4U6MkNbbEcc0nECAQPBk5emWt8BzWfnA');

        INSERT INTO CustomerAddress (
            [AddressID],
            [StreetNum],
            [StreetName],
            [Postcode],
            [City],
            [State],
            [Country])
 	    VALUES(
            71,
 	        3267,
            'Monoglo',
            '5213',
            'Loganville',
            'SA',
            'Australia');

        INSERT INTO Customer (
            [fName],
            [lName],
            [ContactNumber],
            [Email],
            [PasswordID],
            [AddressID])
 	    VALUES(
 	        'Sonni',
            'Rupert',
            '0436243202',
            'sonni.rupert@office365.com',
            71,
            71);

        INSERT INTO CustomerPassword (
            [CustomerID],
            [Password])
 	    VALUES(
 	        72,
            'LJWi5ocGZiBGPqcHhRaIqBYHIjc59LG1qdLXS0VuphepgF0TrQ2ksWCEJFv37aZS');

        INSERT INTO CustomerAddress (
            [AddressID],
            [StreetNum],
            [StreetName],
            [Postcode],
            [City],
            [State],
            [Country])
 	    VALUES(
            72,
 	        3474,
            'Asko',
            '3533',
            'Festus',
            'NSW',
            'Australia');

        INSERT INTO Customer (
            [fName],
            [lName],
            [ContactNumber],
            [Email],
            [PasswordID],
            [AddressID])
 	    VALUES(
 	        'Mandy',
            'Collyer',
            '0441130018',
            'mandy.collyer@yandex.com',
            72,
            72);

        INSERT INTO CustomerPassword (
            [CustomerID],
            [Password])
 	    VALUES(
 	        73,
            '8qjzCWNurfYIAbmuNffWztlM6Xo5JWGgOtZTU97eim3KMvKFIOucYw83qEo8Lcqu');

        INSERT INTO CustomerAddress (
            [AddressID],
            [StreetNum],
            [StreetName],
            [Postcode],
            [City],
            [State],
            [Country])
 	    VALUES(
            73,
 	        5817,
            'Havart',
            '4760',
            'Tynan',
            'VIC',
            'Australia');

        INSERT INTO Customer (
            [fName],
            [lName],
            [ContactNumber],
            [Email],
            [PasswordID],
            [AddressID])
 	    VALUES(
 	        'Minnaminnie',
            'Jeremiah',
            '0495078881',
            'minnaminnie.jeremiah@zoho.com',
            73,
            73);

        INSERT INTO CustomerPassword (
            [CustomerID],
            [Password])
 	    VALUES(
 	        74,
            '1KhtyI73ZkTx5hBJ8kGzHVraCca51GTUS3iR2yyR4SCX7QfrDMEEZpAMnbbdB9kl');

        INSERT INTO CustomerAddress (
            [AddressID],
            [StreetNum],
            [StreetName],
            [Postcode],
            [City],
            [State],
            [Country])
 	    VALUES(
            74,
 	        5573,
            'Bouvier',
            '3898',
            'Blossvale',
            'ACT',
            'Australia');

        INSERT INTO Customer (
            [fName],
            [lName],
            [ContactNumber],
            [Email],
            [PasswordID],
            [AddressID])
 	    VALUES(
 	        'Inger',
            'Nertie',
            '0408859271',
            'inger.nertie@zoho.com',
            74,
            74);

        INSERT INTO CustomerPassword (
            [CustomerID],
            [Password])
 	    VALUES(
 	        75,
            'GqUe5T0MbDEhc2TJuIzgOsuSNRnTitdZu4fxjRVRMLyyPY6MfWlBnUxGIKAKcmEC');

        INSERT INTO CustomerAddress (
            [AddressID],
            [StreetNum],
            [StreetName],
            [Postcode],
            [City],
            [State],
            [Country])
 	    VALUES(
            75,
 	        315,
            'Fanner',
            '3623',
            'Greenup',
            'SA',
            'Australia');

        INSERT INTO Customer (
            [fName],
            [lName],
            [ContactNumber],
            [Email],
            [PasswordID],
            [AddressID])
 	    VALUES(
 	        'Leila',
            'Jutta',
            '0424247335',
            'leila.jutta@zoho.com',
            75,
            75);

        INSERT INTO CustomerPassword (
            [CustomerID],
            [Password])
 	    VALUES(
 	        76,
            '7tyNvhE6drOQdERbRu8S1JreGe9tHWM9jNr54VxOoqnQOTg2426qf6tJDCDVMp1x');

        INSERT INTO CustomerAddress (
            [AddressID],
            [StreetNum],
            [StreetName],
            [Postcode],
            [City],
            [State],
            [Country])
 	    VALUES(
            76,
 	        8611,
            'Agnosi',
            '9240',
            'Neenah',
            'WA',
            'Australia');

        INSERT INTO Customer (
            [fName],
            [lName],
            [ContactNumber],
            [Email],
            [PasswordID],
            [AddressID])
 	    VALUES(
 	        'Ardella',
            'Odlo',
            '0452808626',
            'ardella.odlo@zoho.com',
            76,
            76);

        INSERT INTO CustomerPassword (
            [CustomerID],
            [Password])
 	    VALUES(
 	        77,
            '1d5GpX9TWTIt4GhhkkPH1eTQXV8wEws7pyApFM6Jib0Ny4SazypuDx5jH6SZ8Xxh');

        INSERT INTO CustomerAddress (
            [AddressID],
            [StreetNum],
            [StreetName],
            [Postcode],
            [City],
            [State],
            [Country])
 	    VALUES(
            77,
 	        1232,
            'Mothlik',
            '1404',
            'Salem',
            'NSW',
            'Australia');

        INSERT INTO Customer (
            [fName],
            [lName],
            [ContactNumber],
            [Email],
            [PasswordID],
            [AddressID])
 	    VALUES(
 	        'Moreen',
            'Cos',
            '0423246205',
            'moreen.cos@gmail.com',
            77,
            77);

        INSERT INTO CustomerPassword (
            [CustomerID],
            [Password])
 	    VALUES(
 	        78,
            '55AcluLlnQtf822J3mqLqfLpX80yJUry3Ls0Dcq7KkGGUNB38WncRwzjeQ3QNtiI');

        INSERT INTO CustomerAddress (
            [AddressID],
            [StreetNum],
            [StreetName],
            [Postcode],
            [City],
            [State],
            [Country])
 	    VALUES(
            78,
 	        6417,
            'Podlik',
            '3292',
            'Cidra',
            'NSW',
            'Australia');

        INSERT INTO Customer (
            [fName],
            [lName],
            [ContactNumber],
            [Email],
            [PasswordID],
            [AddressID])
 	    VALUES(
 	        'Edith',
            'Hyacintha',
            '0425796713',
            'edith.hyacintha@yandex.com',
            78,
            78);

        INSERT INTO CustomerPassword (
            [CustomerID],
            [Password])
 	    VALUES(
 	        79,
            'gujTjifX6AsMvPCIn6KCfZuqeK4ZdcKHhBr5s9OF2vKpHDXUjwNVyVSDaZmsNLKw');

        INSERT INTO CustomerAddress (
            [AddressID],
            [StreetNum],
            [StreetName],
            [Postcode],
            [City],
            [State],
            [Country])
 	    VALUES(
            79,
 	        6192,
            'Acholi',
            '1283',
            'Dunkerton',
            'VIC',
            'Australia');

        INSERT INTO Customer (
            [fName],
            [lName],
            [ContactNumber],
            [Email],
            [PasswordID],
            [AddressID])
 	    VALUES(
 	        'Anna-Diana',
            'Amble',
            '0490804761',
            'anna-diana.amble@aol.com',
            79,
            79);

        INSERT INTO CustomerPassword (
            [CustomerID],
            [Password])
 	    VALUES(
 	        80,
            'bTWYvDoHWZEJm1uIQBlGW5UWORHXMuKC0Dsgj2iHu1BWEwulIoihZBcbWc21fMlh');

        INSERT INTO CustomerAddress (
            [AddressID],
            [StreetNum],
            [StreetName],
            [Postcode],
            [City],
            [State],
            [Country])
 	    VALUES(
            80,
 	        564,
            'Cofound',
            '6962',
            'Meyersville',
            'NSW',
            'Australia');

        INSERT INTO Customer (
            [fName],
            [lName],
            [ContactNumber],
            [Email],
            [PasswordID],
            [AddressID])
 	    VALUES(
 	        'Roxana',
            'Mikes',
            '0402329141',
            'roxana.mikes@gmail.com',
            80,
            80);

        INSERT INTO CustomerPassword (
            [CustomerID],
            [Password])
 	    VALUES(
 	        81,
            '4LDKXV5gOrquuYQinvhAw9eO4nJ4GVydFtARsHeKLQoFi46mN49BEdLKjuPf01Jq');

        INSERT INTO CustomerAddress (
            [AddressID],
            [StreetNum],
            [StreetName],
            [Postcode],
            [City],
            [State],
            [Country])
 	    VALUES(
            81,
 	        7513,
            'Ironiz',
            '1660',
            'Nunnelly',
            'VIC',
            'Australia');

        INSERT INTO Customer (
            [fName],
            [lName],
            [ContactNumber],
            [Email],
            [PasswordID],
            [AddressID])
 	    VALUES(
 	        'Arlyn',
            'Watkin',
            '0427498345',
            'arlyn.watkin@gmail.com',
            81,
            81);

        INSERT INTO CustomerPassword (
            [CustomerID],
            [Password])
 	    VALUES(
 	        82,
            'P01Ry4t9NSsXiS8a4MV2r6ikPGgpL4E3WA8MEa9iyKPnNhmcZvfu7qgsnoZkyp93');

        INSERT INTO CustomerAddress (
            [AddressID],
            [StreetNum],
            [StreetName],
            [Postcode],
            [City],
            [State],
            [Country])
 	    VALUES(
            82,
 	        6598,
            'Unkink',
            '3514',
            'Shohola',
            'VIC',
            'Australia');

        INSERT INTO Customer (
            [fName],
            [lName],
            [ContactNumber],
            [Email],
            [PasswordID],
            [AddressID])
 	    VALUES(
 	        'Basia',
            'Stoat',
            '0417908303',
            'basia.stoat@gmail.com',
            82,
            82);

        INSERT INTO CustomerPassword (
            [CustomerID],
            [Password])
 	    VALUES(
 	        83,
            'M4cDzuoL9rUfg7F83d2KlZfS4SAMLM54TUCfKDMuweMNFLtShgzF5c2rK1n6yPhN');

        INSERT INTO CustomerAddress (
            [AddressID],
            [StreetNum],
            [StreetName],
            [Postcode],
            [City],
            [State],
            [Country])
 	    VALUES(
            83,
 	        5766,
            'Huipi',
            '2584',
            'Bogue',
            'TAS',
            'Australia');

        INSERT INTO Customer (
            [fName],
            [lName],
            [ContactNumber],
            [Email],
            [PasswordID],
            [AddressID])
 	    VALUES(
 	        'Dale',
            'Amethist',
            '0445221205',
            'dale.amethist@yahoo.com',
            83,
            83);

        INSERT INTO CustomerPassword (
            [CustomerID],
            [Password])
 	    VALUES(
 	        84,
            'n3ZVPwbSOjM13eRqS68SNbOI6PNTQGncgRF1wt2nxYFDuqKLCmRSgKcm3sPV6T32');

        INSERT INTO CustomerAddress (
            [AddressID],
            [StreetNum],
            [StreetName],
            [Postcode],
            [City],
            [State],
            [Country])
 	    VALUES(
            84,
 	        1230,
            'Restres',
            '5301',
            'Paulina',
            'VIC',
            'Australia');

        INSERT INTO Customer (
            [fName],
            [lName],
            [ContactNumber],
            [Email],
            [PasswordID],
            [AddressID])
 	    VALUES(
 	        'Darcey',
            'Shushan',
            '0473988291',
            'darcey.shushan@gmail.com',
            84,
            84);

        INSERT INTO CustomerPassword (
            [CustomerID],
            [Password])
 	    VALUES(
 	        85,
            'IcULurDZGfY82l6Kggku63ySDHidipsYvTYMl5N9K5Opw1sD7o4osFO9Ye1T5idD');

        INSERT INTO CustomerAddress (
            [AddressID],
            [StreetNum],
            [StreetName],
            [Postcode],
            [City],
            [State],
            [Country])
 	    VALUES(
            85,
 	        636,
            'Iri',
            '6599',
            'Parlin',
            'SA',
            'Australia');

        INSERT INTO Customer (
            [fName],
            [lName],
            [ContactNumber],
            [Email],
            [PasswordID],
            [AddressID])
 	    VALUES(
 	        'Chad',
            'Cantu',
            '0409082284',
            'chad.cantu@gmail.com',
            85,
            85);

        INSERT INTO CustomerPassword (
            [CustomerID],
            [Password])
 	    VALUES(
 	        86,
            'ep6VF7ylLt7j5WEAi8d3GYiCvjRHqYxQiJAWcOMqXMV4WNQTh6hAv4kWT82LN5ZB');

        INSERT INTO CustomerAddress (
            [AddressID],
            [StreetNum],
            [StreetName],
            [Postcode],
            [City],
            [State],
            [Country])
 	    VALUES(
            86,
 	        8358,
            'Kuvas',
            '7691',
            'Skellytown',
            'ACT',
            'Australia');

        INSERT INTO Customer (
            [fName],
            [lName],
            [ContactNumber],
            [Email],
            [PasswordID],
            [AddressID])
 	    VALUES(
 	        'Tanya',
            'Parsifal',
            '0467246363',
            'tanya.parsifal@yahoo.com',
            86,
            86);

        INSERT INTO CustomerPassword (
            [CustomerID],
            [Password])
 	    VALUES(
 	        87,
            'Xgf1aXryTlLnebfvHG6znxBzWxwSf7K2EalSJpDAGqIXhNP0CikvknVqQTQ4D3oy');

        INSERT INTO CustomerAddress (
            [AddressID],
            [StreetNum],
            [StreetName],
            [Postcode],
            [City],
            [State],
            [Country])
 	    VALUES(
            87,
 	        2194,
            'Premol',
            '7238',
            'Henrieville',
            'QLD',
            'Australia');

        INSERT INTO Customer (
            [fName],
            [lName],
            [ContactNumber],
            [Email],
            [PasswordID],
            [AddressID])
 	    VALUES(
 	        'Fedora',
            'Hilde',
            '0473759066',
            'fedora.hilde@office365.com',
            87,
            87);

        INSERT INTO CustomerPassword (
            [CustomerID],
            [Password])
 	    VALUES(
 	        88,
            '70FqwCwaN8Lh6U0wHmRFO46fQbQcrfyRa3CB4PUniGzmBzPEXtDKbCektrJZeus4');

        INSERT INTO CustomerAddress (
            [AddressID],
            [StreetNum],
            [StreetName],
            [Postcode],
            [City],
            [State],
            [Country])
 	    VALUES(
            88,
 	        5033,
            'Kuvaszo',
            '4261',
            'Amana',
            'TAS',
            'Australia');

        INSERT INTO Customer (
            [fName],
            [lName],
            [ContactNumber],
            [Email],
            [PasswordID],
            [AddressID])
 	    VALUES(
 	        'Druci',
            'Harolda',
            '0449074752',
            'druci.harolda@outlook.com',
            88,
            88);

        INSERT INTO CustomerPassword (
            [CustomerID],
            [Password])
 	    VALUES(
 	        89,
            '4xSvGh6FSUeGfXp8chJNXnrI6B1A2AsgX46IgNoevCrJK2DC5jKrVNJ2uWbNVyeW');

        INSERT INTO CustomerAddress (
            [AddressID],
            [StreetNum],
            [StreetName],
            [Postcode],
            [City],
            [State],
            [Country])
 	    VALUES(
            89,
 	        9366,
            'Absei',
            '9543',
            'Waurika',
            'QLD',
            'Australia');

        INSERT INTO Customer (
            [fName],
            [lName],
            [ContactNumber],
            [Email],
            [PasswordID],
            [AddressID])
 	    VALUES(
 	        'Karol',
            'Emmer',
            '0449981274',
            'karol.emmer@office365.com',
            89,
            89);

        INSERT INTO CustomerPassword (
            [CustomerID],
            [Password])
 	    VALUES(
 	        90,
            'SEBqAcNELB1HD0S98b0wC2DRNwXC3eBLw3X2244NGOt0PRm6PNyeSXTLVvunJ2bk');

        INSERT INTO CustomerAddress (
            [AddressID],
            [StreetNum],
            [StreetName],
            [Postcode],
            [City],
            [State],
            [Country])
 	    VALUES(
            90,
 	        9410,
            'Epazot',
            '5577',
            'Tipton',
            'WA',
            'Australia');

        INSERT INTO Customer (
            [fName],
            [lName],
            [ContactNumber],
            [Email],
            [PasswordID],
            [AddressID])
 	    VALUES(
 	        'Margalit',
            'Elnore',
            '0496372992',
            'margalit.elnore@uon.edu.au',
            90,
            90);

        INSERT INTO CustomerPassword (
            [CustomerID],
            [Password])
 	    VALUES(
 	        91,
            'vGJ1Kr1g9Uh4uJCE7QcImfrxoez8ga0tCZHraNAawGiF0jKOTbIRwEP4RCVzUZkL');

        INSERT INTO CustomerAddress (
            [AddressID],
            [StreetNum],
            [StreetName],
            [Postcode],
            [City],
            [State],
            [Country])
 	    VALUES(
            91,
 	        8985,
            'Bren',
            '2148',
            'Larwill',
            'WA',
            'Australia');

        INSERT INTO Customer (
            [fName],
            [lName],
            [ContactNumber],
            [Email],
            [PasswordID],
            [AddressID])
 	    VALUES(
 	        'Rivy',
            'Natelson',
            '0451793816',
            'rivy.natelson@gmail.com',
            91,
            91);

        INSERT INTO CustomerPassword (
            [CustomerID],
            [Password])
 	    VALUES(
 	        92,
            'mREz7z7wnz3MCmhJbitwjs9sW03ZRT6JXur7gEWbVCR5CpKX8lhXTV3pZToceoSA');

        INSERT INTO CustomerAddress (
            [AddressID],
            [StreetNum],
            [StreetName],
            [Postcode],
            [City],
            [State],
            [Country])
 	    VALUES(
            92,
 	        3582,
            'Microdo',
            '4120',
            'Elco',
            'WA',
            'Australia');

        INSERT INTO Customer (
            [fName],
            [lName],
            [ContactNumber],
            [Email],
            [PasswordID],
            [AddressID])
 	    VALUES(
 	        'Stace',
            'Ed',
            '0412809963',
            'stace.ed@outlook.com',
            92,
            92);

        INSERT INTO CustomerPassword (
            [CustomerID],
            [Password])
 	    VALUES(
 	        93,
            'GBmd4rugH1x27Aq2TaHVdDcE7pC7IxeMqoN7jQqXwsXOjLYcr99ylGa9Y5igLFv7');

        INSERT INTO CustomerAddress (
            [AddressID],
            [StreetNum],
            [StreetName],
            [Postcode],
            [City],
            [State],
            [Country])
 	    VALUES(
            93,
 	        9574,
            'Mugfu',
            '2053',
            'Bayamon',
            'VIC',
            'Australia');

        INSERT INTO Customer (
            [fName],
            [lName],
            [ContactNumber],
            [Email],
            [PasswordID],
            [AddressID])
 	    VALUES(
 	        'Kacey',
            'Antone',
            '0475571381',
            'kacey.antone@uon.edu.au',
            93,
            93);

        INSERT INTO CustomerPassword (
            [CustomerID],
            [Password])
 	    VALUES(
 	        94,
            'gRsy3U7djJR2sinHHVy9GKKRWYpsz19XeSyjEygx0S6C6F1WkOGcQRtkLrsP9twW');

        INSERT INTO CustomerAddress (
            [AddressID],
            [StreetNum],
            [StreetName],
            [Postcode],
            [City],
            [State],
            [Country])
 	    VALUES(
            94,
 	        6352,
            'Asshole',
            '7533',
            'Buras',
            'TAS',
            'Australia');

        INSERT INTO Customer (
            [fName],
            [lName],
            [ContactNumber],
            [Email],
            [PasswordID],
            [AddressID])
 	    VALUES(
 	        'Beryle',
            'Picardi',
            '0455823344',
            'beryle.picardi@gmail.com',
            94,
            94);

        INSERT INTO CustomerPassword (
            [CustomerID],
            [Password])
 	    VALUES(
 	        95,
            '1TSfIvM1dw0THBoljQf56LYpiqc62li0UOmnu5DMkCHMJXs0JLvo3IOElx82Ep0b');

        INSERT INTO CustomerAddress (
            [AddressID],
            [StreetNum],
            [StreetName],
            [Postcode],
            [City],
            [State],
            [Country])
 	    VALUES(
            95,
 	        5935,
            'Gunk',
            '5665',
            'Maury',
            'TAS',
            'Australia');

        INSERT INTO Customer (
            [fName],
            [lName],
            [ContactNumber],
            [Email],
            [PasswordID],
            [AddressID])
 	    VALUES(
 	        'Joelly',
            'Aubrie',
            '0419717528',
            'joelly.aubrie@zoho.com',
            95,
            95);

        INSERT INTO CustomerPassword (
            [CustomerID],
            [Password])
 	    VALUES(
 	        96,
            'AlYUTgJKzLiMtqct9Ni1TzWlHXgRUMxb3RF9x17wjxC2zC7rAjzaDUMVHJSZnanm');

        INSERT INTO CustomerAddress (
            [AddressID],
            [StreetNum],
            [StreetName],
            [Postcode],
            [City],
            [State],
            [Country])
 	    VALUES(
            96,
 	        7357,
            'Reslate',
            '2636',
            'Cheswold',
            'TAS',
            'Australia');

        INSERT INTO Customer (
            [fName],
            [lName],
            [ContactNumber],
            [Email],
            [PasswordID],
            [AddressID])
 	    VALUES(
 	        'Denni',
            'Heurlin',
            '0452019774',
            'denni.heurlin@uon.edu.au',
            96,
            96);

        INSERT INTO CustomerPassword (
            [CustomerID],
            [Password])
 	    VALUES(
 	        97,
            'vr11v52RQNfxSiy8BpnGLb8K7VOs1bsPjt3EBl4dDpEEQmWY6WZVLWUPXYMyqlGq');

        INSERT INTO CustomerAddress (
            [AddressID],
            [StreetNum],
            [StreetName],
            [Postcode],
            [City],
            [State],
            [Country])
 	    VALUES(
            97,
 	        676,
            'Gleamer',
            '4284',
            'Lopeno',
            'SA',
            'Australia');

        INSERT INTO Customer (
            [fName],
            [lName],
            [ContactNumber],
            [Email],
            [PasswordID],
            [AddressID])
 	    VALUES(
 	        'Tansy',
            'Obeng',
            '0463109453',
            'tansy.obeng@aol.com',
            97,
            97);

        INSERT INTO CustomerPassword (
            [CustomerID],
            [Password])
 	    VALUES(
 	        98,
            'pTvvyI4Wp2HCvBiibuL7ZrXElfIke73ppaMmJZOqVqiKO9eixaxt4kwNLfO97qvR');

        INSERT INTO CustomerAddress (
            [AddressID],
            [StreetNum],
            [StreetName],
            [Postcode],
            [City],
            [State],
            [Country])
 	    VALUES(
            98,
 	        9718,
            'Spiffe',
            '6828',
            'Brookland',
            'NT',
            'Australia');

        INSERT INTO Customer (
            [fName],
            [lName],
            [ContactNumber],
            [Email],
            [PasswordID],
            [AddressID])
 	    VALUES(
 	        'Agace',
            'Lawley',
            '0456048540',
            'agace.lawley@uon.edu.au',
            98,
            98);

        INSERT INTO CustomerPassword (
            [CustomerID],
            [Password])
 	    VALUES(
 	        99,
            'sznb4twDXGJCXrMkPsX4ngdpHVSU9MNxHcimaMqQxXVNeJPwzZR5QB5W5NIiTM8y');

        INSERT INTO CustomerAddress (
            [AddressID],
            [StreetNum],
            [StreetName],
            [Postcode],
            [City],
            [State],
            [Country])
 	    VALUES(
            99,
 	        7227,
            'Pazazze',
            '5097',
            'Tremonton',
            'NT',
            'Australia');

        INSERT INTO Customer (
            [fName],
            [lName],
            [ContactNumber],
            [Email],
            [PasswordID],
            [AddressID])
 	    VALUES(
 	        'Brandi',
            'Margaux',
            '0455059885',
            'brandi.margaux@icloud.com',
            99,
            99);
